Input Data,

,
Material Data,

,
matID,Soft PE80
density,938
eDyn0degC,2.62
dEdyndT,-0.037
creepModulus,0.3
poisson,0.38

,
Pipe Data,

,
pipeID,250mm_SDR11
diameter,250
sdr,11
notchDepth,0
diameterCreepRatio,1

,
Test Setup Data,

,
fullScale,2
tempDegC,0
p0bar,5
isBackfilled,2
backfillDepth,100
backfillDensity,2200
solidInsidePipe,0.25
waterInsidePipe,0.25

,
Program Control Data,

,
outflowModelOn,0
lambda,3
solutionmethod,2
numberOfSpeedValues,50
elementsInL,10
aDotc0,0.5

,
Log number,aDotc0,Irwin Corten Force,diameterRes0,residualCrackClosure,densityratio,zetaclosure,nodeAtClosure,outflowLength,p1bar,v0,vStarRes,factor,aDotCLfactor,aDotcClfactor_backfilled,maxIterations,iterations,m[0],m[1],alpha[0],alpha[1],error,notConverged,pStarUnchoke,xUnch,pHalfStar,pStar,tStar,tStarUnchoke,simpsonIntegral,unchoked,tStarOutflow2

,
1,0,0,0,0,12.589,0,0,0,0,0,0,0,0,0,0,0,0,0,0,0,0,0,0,0,0,0,0,0,0,0,0
2,0,0,0,0,12.589,0,0,0,0,0,0,0,0,0,0,0,0,0,0,0,0,1,0,0,0,0,0,0,0,0,0
3,0,0.689812,0,0,12.589,0,0,0,0,0,0,0,0,0,0,0,0,0,0,0,0,1,0,0,0,0,0,0,0,0,0
4,0,0.689812,250,0,12.589,0,0,0,0,0,0,0,0,0,0,0,0,0,0,0,0,1,0,0,0,0,0,0,0,0,0
5,0.02,0.689812,250,0,12.589,2,20,3,0.721942,0.175565,0,1.33413,1.00002,1.0002,0,0,0,0,0,0,0,1,0,0,0,0,0,0,0,0,0
6,0.02,0.689812,250,0,12.589,2,20,3,0.721942,0.175565,0,1.33413,1.00002,1.0002,50,0,6.60879,6.60998,0.838365,0.812568,0,1,0,0,0,0,0,0,0,0,0
7,0.02,0.689812,250,0,12.589,2,23,3,0.721942,0.175565,0,1.33413,1.00002,1.0002,50,1,6.60879,6.60998,0.838365,0.812568,0.196326,1,0,0,0,0,0,0,0,0,0
8,0.02,0.689812,250,0,12.589,2,24,3,0.721942,0.175565,0,1.33413,1.00002,1.0002,50,2,6.60879,6.60998,0.838365,0.812568,0.171341,1,0,0,0,0,0,0,0,0,0
9,0.02,0.689812,250,0,12.589,2,25,3,0.721942,0.175565,0,1.33413,1.00002,1.0002,50,3,6.60879,6.60998,0.838365,0.812568,0.147753,1,0,0,0,0,0,0,0,0,0
10,0.02,0.689812,250,0,12.589,2,26,3,0.721942,0.175565,0,1.33413,1.00002,1.0002,50,4,6.60879,6.60998,0.838365,0.812568,0.125645,1,0,0,0,0,0,0,0,0,0
11,0.02,0.689812,250,0,12.589,2,27,3,0.721942,0.175565,0,1.33413,1.00002,1.0002,50,5,6.60879,6.60998,0.838365,0.812568,0.1051,1,0,0,0,0,0,0,0,0,0
12,0.02,0.689812,250,0,12.589,2,28,3,0.721942,0.175565,0,1.33413,1.00002,1.0002,50,6,6.60879,6.60998,0.838365,0.812568,0.086198,1,0,0,0,0,0,0,0,0,0
13,0.02,0.689812,250,0,12.589,2,29,3,0.721942,0.175565,0,1.33413,1.00002,1.0002,50,7,6.60879,6.60998,0.838365,0.812568,0.0689968,1,0,0,0,0,0,0,0,0,0
14,0.02,0.689812,250,0,12.589,2,30,3,0.721942,0.175565,0,1.33413,1.00002,1.0002,50,8,6.60879,6.60998,0.838365,0.812568,0.0535296,1,0,0,0,0,0,0,0,0,0
15,0.02,0.689812,250,0,12.589,2,31,3,0.721942,0.175565,0,1.33413,1.00002,1.0002,50,9,6.60879,6.60998,0.838365,0.812568,0.0398003,1,0,0,0,0,0,0,0,0,0
16,0.02,0.689812,250,0,12.589,2,32,3,0.721942,0.175565,0,1.33413,1.00002,1.0002,50,10,6.60879,6.60998,0.838365,0.812568,0.0277826,1,0,0,0,0,0,0,0,0,0
17,0.02,0.689812,250,0,12.589,2,33,3,0.721942,0.175565,0,1.33413,1.00002,1.0002,50,11,6.60879,6.60998,0.838365,0.812568,0.0174222,1,0,0,0,0,0,0,0,0,0
18,0.02,0.689812,250,0,12.589,2,34,3,0.721942,0.175565,0,1.33413,1.00002,1.0002,50,11,6.60879,6.60998,0.838365,0.812568,0.0086403,1,0,0,0,0,0,0,0,0,0
19,0.02,0.689812,250,0,12.589,2,34,3,0.721942,0.175565,0,1.33413,1.00002,1.0002,50,12,6.60879,6.60998,0.838365,0.812568,0.0086403,0,0,0,0,0,0,0,0,0,0
 
1,0,0,0,0,12.589,0,0,0,0,0,0,0,0,0,0,0,0,0,0,0,0,0,0,0,0,0,0,0,0,0,0
2,0,0.689812,0,0,12.589,0,0,0,0,0,0,0,0,0,0,0,0,0,0,0,0,0,0,0,0,0,0,0,0,0,0
3,0,0.689812,250,0,12.589,0,0,0,0,0,0,0,0,0,0,0,0,0,0,0,0,0,0,0,0,0,0,0,0,0,0
4,0.04,0.689812,250,0,12.589,2,20,3,0.770542,0.187384,0,2.49997,1.00006,1.00079,50,12,6.60879,6.60998,0.838365,0.812568,0.0086403,0,0,0,0,0,0,0,0,0,0
5,0.04,0.689812,250,0,12.589,2,20,3,0.770542,0.187384,0,2.49997,1.00006,1.00079,50,0,6.6049,6.60967,0.917413,0.819324,0,1,0,0,0,0,0,0,0,0,0
6,0.04,0.689812,250,0,12.589,2,23,3,0.770542,0.187384,0,2.49997,1.00006,1.00079,50,1,6.6049,6.60967,0.917413,0.819324,0.196516,1,0,0,0,0,0,0,0,0,0
7,0.04,0.689812,250,0,12.589,2,24,3,0.770542,0.187384,0,2.49997,1.00006,1.00079,50,2,6.6049,6.60967,0.917413,0.819324,0.171498,1,0,0,0,0,0,0,0,0,0
8,0.04,0.689812,250,0,12.589,2,25,3,0.770542,0.187384,0,2.49997,1.00006,1.00079,50,3,6.6049,6.60967,0.917413,0.819324,0.147876,1,0,0,0,0,0,0,0,0,0
9,0.04,0.689812,250,0,12.589,2,26,3,0.770542,0.187384,0,2.49997,1.00006,1.00079,50,4,6.6049,6.60967,0.917413,0.819324,0.125732,1,0,0,0,0,0,0,0,0,0
10,0.04,0.689812,250,0,12.589,2,27,3,0.770542,0.187384,0,2.49997,1.00006,1.00079,50,5,6.6049,6.60967,0.917413,0.819324,0.105151,1,0,0,0,0,0,0,0,0,0
11,0.04,0.689812,250,0,12.589,2,28,3,0.770542,0.187384,0,2.49997,1.00006,1.00079,50,6,6.6049,6.60967,0.917413,0.819324,0.0862146,1,0,0,0,0,0,0,0,0,0
12,0.04,0.689812,250,0,12.589,2,29,3,0.770542,0.187384,0,2.49997,1.00006,1.00079,50,7,6.6049,6.60967,0.917413,0.819324,0.0689806,1,0,0,0,0,0,0,0,0,0
13,0.04,0.689812,250,0,12.589,2,30,3,0.770542,0.187384,0,2.49997,1.00006,1.00079,50,8,6.6049,6.60967,0.917413,0.819324,0.0534833,1,0,0,0,0,0,0,0,0,0
14,0.04,0.689812,250,0,12.589,2,31,3,0.770542,0.187384,0,2.49997,1.00006,1.00079,50,9,6.6049,6.60967,0.917413,0.819324,0.0397272,1,0,0,0,0,0,0,0,0,0
15,0.04,0.689812,250,0,12.589,2,32,3,0.770542,0.187384,0,2.49997,1.00006,1.00079,50,10,6.6049,6.60967,0.917413,0.819324,0.0276864,1,0,0,0,0,0,0,0,0,0
16,0.04,0.689812,250,0,12.589,2,33,3,0.770542,0.187384,0,2.49997,1.00006,1.00079,50,11,6.6049,6.60967,0.917413,0.819324,0.017307,1,0,0,0,0,0,0,0,0,0
17,0.04,0.689812,250,0,12.589,2,34,3,0.770542,0.187384,0,2.49997,1.00006,1.00079,50,11,6.6049,6.60967,0.917413,0.819324,0.0085101,1,0,0,0,0,0,0,0,0,0
18,0.04,0.689812,250,0,12.589,2,34,3,0.770542,0.187384,0,2.49997,1.00006,1.00079,50,12,6.6049,6.60967,0.917413,0.819324,0.0085101,0,0,0,0,0,0,0,0,0,0
 
1,0,0,0,0,12.589,0,0,0,0,0,0,0,0,0,0,0,0,0,0,0,0,0,0,0,0,0,0,0,0,0,0
2,0,0.689812,0,0,12.589,0,0,0,0,0,0,0,0,0,0,0,0,0,0,0,0,0,0,0,0,0,0,0,0,0,0
3,0,0.689812,250,0,12.589,0,0,0,0,0,0,0,0,0,0,0,0,0,0,0,0,0,0,0,0,0,0,0,0,0,0
4,0.06,0.689812,250,0,12.589,2,20,3,0.820313,0.199488,0,3.52243,1.00014,1.00177,50,12,6.6049,6.60967,0.917413,0.819324,0.0085101,0,0,0,0,0,0,0,0,0,0
5,0.06,0.689812,250,0,12.589,2,20,3,0.820313,0.199488,0,3.52243,1.00014,1.00177,50,0,6.59843,6.60916,1.03584,0.830461,0,1,0,0,0,0,0,0,0,0,0
6,0.06,0.689812,250,0,12.589,2,23,3,0.820313,0.199488,0,3.52243,1.00014,1.00177,50,1,6.59843,6.60916,1.03584,0.830461,0.196834,1,0,0,0,0,0,0,0,0,0
7,0.06,0.689812,250,0,12.589,2,24,3,0.820313,0.199488,0,3.52243,1.00014,1.00177,50,2,6.59843,6.60916,1.03584,0.830461,0.171762,1,0,0,0,0,0,0,0,0,0
8,0.06,0.689812,250,0,12.589,2,25,3,0.820313,0.199488,0,3.52243,1.00014,1.00177,50,3,6.59843,6.60916,1.03584,0.830461,0.148082,1,0,0,0,0,0,0,0,0,0
9,0.06,0.689812,250,0,12.589,2,26,3,0.820313,0.199488,0,3.52243,1.00014,1.00177,50,4,6.59843,6.60916,1.03584,0.830461,0.125878,1,0,0,0,0,0,0,0,0,0
10,0.06,0.689812,250,0,12.589,2,27,3,0.820313,0.199488,0,3.52243,1.00014,1.00177,50,5,6.59843,6.60916,1.03584,0.830461,0.105238,1,0,0,0,0,0,0,0,0,0
11,0.06,0.689812,250,0,12.589,2,28,3,0.820313,0.199488,0,3.52243,1.00014,1.00177,50,6,6.59843,6.60916,1.03584,0.830461,0.0862427,1,0,0,0,0,0,0,0,0,0
12,0.06,0.689812,250,0,12.589,2,29,3,0.820313,0.199488,0,3.52243,1.00014,1.00177,50,7,6.59843,6.60916,1.03584,0.830461,0.0689537,1,0,0,0,0,0,0,0,0,0
13,0.06,0.689812,250,0,12.589,2,30,3,0.820313,0.199488,0,3.52243,1.00014,1.00177,50,8,6.59843,6.60916,1.03584,0.830461,0.053406,1,0,0,0,0,0,0,0,0,0
14,0.06,0.689812,250,0,12.589,2,31,3,0.820313,0.199488,0,3.52243,1.00014,1.00177,50,9,6.59843,6.60916,1.03584,0.830461,0.0396049,1,0,0,0,0,0,0,0,0,0
15,0.06,0.689812,250,0,12.589,2,32,3,0.820313,0.199488,0,3.52243,1.00014,1.00177,50,10,6.59843,6.60916,1.03584,0.830461,0.0275254,1,0,0,0,0,0,0,0,0,0
16,0.06,0.689812,250,0,12.589,2,33,3,0.820313,0.199488,0,3.52243,1.00014,1.00177,50,11,6.59843,6.60916,1.03584,0.830461,0.017114,1,0,0,0,0,0,0,0,0,0
17,0.06,0.689812,250,0,12.589,2,34,3,0.820313,0.199488,0,3.52243,1.00014,1.00177,50,11,6.59843,6.60916,1.03584,0.830461,0.00829196,1,0,0,0,0,0,0,0,0,0
18,0.06,0.689812,250,0,12.589,2,34,3,0.820313,0.199488,0,3.52243,1.00014,1.00177,50,12,6.59843,6.60916,1.03584,0.830461,0.00829196,0,0,0,0,0,0,0,0,0,0
 
1,0,0,0,0,12.589,0,0,0,0,0,0,0,0,0,0,0,0,0,0,0,0,0,0,0,0,0,0,0,0,0,0
2,0,0.689812,0,0,12.589,0,0,0,0,0,0,0,0,0,0,0,0,0,0,0,0,0,0,0,0,0,0,0,0,0,0
3,0,0.689812,250,0,12.589,0,0,0,0,0,0,0,0,0,0,0,0,0,0,0,0,0,0,0,0,0,0,0,0,0,0
4,0.08,0.689812,250,0,12.589,2,20,3,0.871279,0.211882,0,4.42184,1.00025,1.00314,50,12,6.59843,6.60916,1.03584,0.830461,0.00829196,0,0,0,0,0,0,0,0,0,0
5,0.08,0.689812,250,0,12.589,2,20,3,0.871279,0.211882,0,4.42184,1.00025,1.00314,50,0,6.58939,6.60844,1.18187,0.845808,0,1,0,0,0,0,0,0,0,0,0
6,0.08,0.689812,250,0,12.589,2,23,3,0.871279,0.211882,0,4.42184,1.00025,1.00314,50,1,6.58939,6.60844,1.18187,0.845808,0.197284,1,0,0,0,0,0,0,0,0,0
7,0.08,0.689812,250,0,12.589,2,24,3,0.871279,0.211882,0,4.42184,1.00025,1.00314,50,2,6.58939,6.60844,1.18187,0.845808,0.172136,1,0,0,0,0,0,0,0,0,0
8,0.08,0.689812,250,0,12.589,2,25,3,0.871279,0.211882,0,4.42184,1.00025,1.00314,50,3,6.58939,6.60844,1.18187,0.845808,0.148374,1,0,0,0,0,0,0,0,0,0
9,0.08,0.689812,250,0,12.589,2,26,3,0.871279,0.211882,0,4.42184,1.00025,1.00314,50,4,6.58939,6.60844,1.18187,0.845808,0.126085,1,0,0,0,0,0,0,0,0,0
10,0.08,0.689812,250,0,12.589,2,27,3,0.871279,0.211882,0,4.42184,1.00025,1.00314,50,5,6.58939,6.60844,1.18187,0.845808,0.10536,1,0,0,0,0,0,0,0,0,0
11,0.08,0.689812,250,0,12.589,2,28,3,0.871279,0.211882,0,4.42184,1.00025,1.00314,50,6,6.58939,6.60844,1.18187,0.845808,0.0862831,1,0,0,0,0,0,0,0,0,0
12,0.08,0.689812,250,0,12.589,2,29,3,0.871279,0.211882,0,4.42184,1.00025,1.00314,50,7,6.58939,6.60844,1.18187,0.845808,0.0689164,1,0,0,0,0,0,0,0,0,0
13,0.08,0.689812,250,0,12.589,2,30,3,0.871279,0.211882,0,4.42184,1.00025,1.00314,50,8,6.58939,6.60844,1.18187,0.845808,0.0532973,1,0,0,0,0,0,0,0,0,0
14,0.08,0.689812,250,0,12.589,2,31,3,0.871279,0.211882,0,4.42184,1.00025,1.00314,50,9,6.58939,6.60844,1.18187,0.845808,0.0394327,1,0,0,0,0,0,0,0,0,0
15,0.08,0.689812,250,0,12.589,2,32,3,0.871279,0.211882,0,4.42184,1.00025,1.00314,50,10,6.58939,6.60844,1.18187,0.845808,0.0272985,1,0,0,0,0,0,0,0,0,0
16,0.08,0.689812,250,0,12.589,2,33,3,0.871279,0.211882,0,4.42184,1.00025,1.00314,50,11,6.58939,6.60844,1.18187,0.845808,0.0168418,1,0,0,0,0,0,0,0,0,0
17,0.08,0.689812,250,0,12.589,2,34,3,0.871279,0.211882,0,4.42184,1.00025,1.00314,50,11,6.58939,6.60844,1.18187,0.845808,0.00798414,1,0,0,0,0,0,0,0,0,0
18,0.08,0.689812,250,0,12.589,2,34,3,0.871279,0.211882,0,4.42184,1.00025,1.00314,50,12,6.58939,6.60844,1.18187,0.845808,0.00798414,0,0,0,0,0,0,0,0,0,0
 
1,0,0,0,0,12.589,0,0,0,0,0,0,0,0,0,0,0,0,0,0,0,0,0,0,0,0,0,0,0,0,0,0
2,0,0.689812,0,0,12.589,0,0,0,0,0,0,0,0,0,0,0,0,0,0,0,0,0,0,0,0,0,0,0,0,0,0
3,0,0.689812,250,0,12.589,0,0,0,0,0,0,0,0,0,0,0,0,0,0,0,0,0,0,0,0,0,0,0,0,0,0
4,0.1,0.689812,250,0,12.589,2,20,3,0.923463,0.224572,0,5.21496,1.00039,1.00491,50,12,6.58939,6.60844,1.18187,0.845808,0.00798414,0,0,0,0,0,0,0,0,0,0
5,0.1,0.689812,250,0,12.589,2,20,3,0.923463,0.224572,0,5.21496,1.00039,1.00491,50,0,6.5778,6.60751,1.34655,0.865139,0,1,0,0,0,0,0,0,0,0,0
6,0.1,0.689812,250,0,12.589,2,23,3,0.923463,0.224572,0,5.21496,1.00039,1.00491,50,1,6.5778,6.60751,1.34655,0.865139,0.197871,1,0,0,0,0,0,0,0,0,0
7,0.1,0.689812,250,0,12.589,2,24,3,0.923463,0.224572,0,5.21496,1.00039,1.00491,50,2,6.5778,6.60751,1.34655,0.865139,0.172622,1,0,0,0,0,0,0,0,0,0
8,0.1,0.689812,250,0,12.589,2,25,3,0.923463,0.224572,0,5.21496,1.00039,1.00491,50,3,6.5778,6.60751,1.34655,0.865139,0.148754,1,0,0,0,0,0,0,0,0,0
9,0.1,0.689812,250,0,12.589,2,26,3,0.923463,0.224572,0,5.21496,1.00039,1.00491,50,4,6.5778,6.60751,1.34655,0.865139,0.126356,1,0,0,0,0,0,0,0,0,0
10,0.1,0.689812,250,0,12.589,2,27,3,0.923463,0.224572,0,5.21496,1.00039,1.00491,50,5,6.5778,6.60751,1.34655,0.865139,0.105521,1,0,0,0,0,0,0,0,0,0
11,0.1,0.689812,250,0,12.589,2,28,3,0.923463,0.224572,0,5.21496,1.00039,1.00491,50,6,6.5778,6.60751,1.34655,0.865139,0.0863369,1,0,0,0,0,0,0,0,0,0
12,0.1,0.689812,250,0,12.589,2,29,3,0.923463,0.224572,0,5.21496,1.00039,1.00491,50,7,6.5778,6.60751,1.34655,0.865139,0.068869,1,0,0,0,0,0,0,0,0,0
13,0.1,0.689812,250,0,12.589,2,30,3,0.923463,0.224572,0,5.21496,1.00039,1.00491,50,8,6.5778,6.60751,1.34655,0.865139,0.053157,1,0,0,0,0,0,0,0,0,0
14,0.1,0.689812,250,0,12.589,2,31,3,0.923463,0.224572,0,5.21496,1.00039,1.00491,50,9,6.5778,6.60751,1.34655,0.865139,0.0392095,1,0,0,0,0,0,0,0,0,0
15,0.1,0.689812,250,0,12.589,2,32,3,0.923463,0.224572,0,5.21496,1.00039,1.00491,50,10,6.5778,6.60751,1.34655,0.865139,0.027004,1,0,0,0,0,0,0,0,0,0
16,0.1,0.689812,250,0,12.589,2,33,3,0.923463,0.224572,0,5.21496,1.00039,1.00491,50,11,6.5778,6.60751,1.34655,0.865139,0.0164882,1,0,0,0,0,0,0,0,0,0
17,0.1,0.689812,250,0,12.589,2,34,3,0.923463,0.224572,0,5.21496,1.00039,1.00491,50,11,6.5778,6.60751,1.34655,0.865139,0.00758416,1,0,0,0,0,0,0,0,0,0
18,0.1,0.689812,250,0,12.589,2,34,3,0.923463,0.224572,0,5.21496,1.00039,1.00491,50,12,6.5778,6.60751,1.34655,0.865139,0.00758416,0,0,0,0,0,0,0,0,0,0
 
1,0,0,0,0,12.589,0,0,0,0,0,0,0,0,0,0,0,0,0,0,0,0,0,0,0,0,0,0,0,0,0,0
2,0,0.689812,0,0,12.589,0,0,0,0,0,0,0,0,0,0,0,0,0,0,0,0,0,0,0,0,0,0,0,0,0,0
3,0,0.689812,250,0,12.589,0,0,0,0,0,0,0,0,0,0,0,0,0,0,0,0,0,0,0,0,0,0,0,0,0,0
4,0.12,0.689812,250,0,12.589,2,20,3,0.976889,0.237565,0,5.91571,1.00056,1.00707,50,12,6.5778,6.60751,1.34655,0.865139,0.00758416,0,0,0,0,0,0,0,0,0,0
5,0.12,0.689812,250,0,12.589,2,20,3,0.976889,0.237565,0,5.91571,1.00056,1.00707,50,0,6.5637,6.60638,1.52385,0.888195,0,1,0,0,0,0,0,0,0,0,0
6,0.12,0.689812,250,0,12.589,2,23,3,0.976889,0.237565,0,5.91571,1.00056,1.00707,50,1,6.5637,6.60638,1.52385,0.888195,0.198599,1,0,0,0,0,0,0,0,0,0
7,0.12,0.689812,250,0,12.589,2,24,3,0.976889,0.237565,0,5.91571,1.00056,1.00707,50,2,6.5637,6.60638,1.52385,0.888195,0.173227,1,0,0,0,0,0,0,0,0,0
8,0.12,0.689812,250,0,12.589,2,25,3,0.976889,0.237565,0,5.91571,1.00056,1.00707,50,3,6.5637,6.60638,1.52385,0.888195,0.149228,1,0,0,0,0,0,0,0,0,0
9,0.12,0.689812,250,0,12.589,2,26,3,0.976889,0.237565,0,5.91571,1.00056,1.00707,50,4,6.5637,6.60638,1.52385,0.888195,0.126693,1,0,0,0,0,0,0,0,0,0
10,0.12,0.689812,250,0,12.589,2,27,3,0.976889,0.237565,0,5.91571,1.00056,1.00707,50,5,6.5637,6.60638,1.52385,0.888195,0.105723,1,0,0,0,0,0,0,0,0,0
11,0.12,0.689812,250,0,12.589,2,28,3,0.976889,0.237565,0,5.91571,1.00056,1.00707,50,6,6.5637,6.60638,1.52385,0.888195,0.0864055,1,0,0,0,0,0,0,0,0,0
12,0.12,0.689812,250,0,12.589,2,29,3,0.976889,0.237565,0,5.91571,1.00056,1.00707,50,7,6.5637,6.60638,1.52385,0.888195,0.068812,1,0,0,0,0,0,0,0,0,0
13,0.12,0.689812,250,0,12.589,2,30,3,0.976889,0.237565,0,5.91571,1.00056,1.00707,50,8,6.5637,6.60638,1.52385,0.888195,0.0529845,1,0,0,0,0,0,0,0,0,0
14,0.12,0.689812,250,0,12.589,2,31,3,0.976889,0.237565,0,5.91571,1.00056,1.00707,50,9,6.5637,6.60638,1.52385,0.888195,0.0389341,1,0,0,0,0,0,0,0,0,0
15,0.12,0.689812,250,0,12.589,2,32,3,0.976889,0.237565,0,5.91571,1.00056,1.00707,50,10,6.5637,6.60638,1.52385,0.888195,0.0266399,1,0,0,0,0,0,0,0,0,0
16,0.12,0.689812,250,0,12.589,2,33,3,0.976889,0.237565,0,5.91571,1.00056,1.00707,50,11,6.5637,6.60638,1.52385,0.888195,0.0160506,1,0,0,0,0,0,0,0,0,0
17,0.12,0.689812,250,0,12.589,2,34,3,0.976889,0.237565,0,5.91571,1.00056,1.00707,50,11,6.5637,6.60638,1.52385,0.888195,0.00708872,1,0,0,0,0,0,0,0,0,0
18,0.12,0.689812,250,0,12.589,2,34,3,0.976889,0.237565,0,5.91571,1.00056,1.00707,50,12,6.5637,6.60638,1.52385,0.888195,0.00708872,0,0,0,0,0,0,0,0,0,0
 
1,0,0,0,0,12.589,0,0,0,0,0,0,0,0,0,0,0,0,0,0,0,0,0,0,0,0,0,0,0,0,0,0
2,0,0.689812,0,0,12.589,0,0,0,0,0,0,0,0,0,0,0,0,0,0,0,0,0,0,0,0,0,0,0,0,0,0
3,0,0.689812,250,0,12.589,0,0,0,0,0,0,0,0,0,0,0,0,0,0,0,0,0,0,0,0,0,0,0,0,0,0
4,0.14,0.689812,250,0,12.589,2,20,3,1.03158,0.250865,0,6.53574,1.00076,1.00962,50,12,6.5637,6.60638,1.52385,0.888195,0.00708872,0,0,0,0,0,0,0,0,0,0
5,0.14,0.689812,250,0,12.589,2,20,3,1.03158,0.250865,0,6.53574,1.00076,1.00962,50,0,6.5471,6.60504,1.70985,0.914694,0,1,0,0,0,0,0,0,0,0,0
6,0.14,0.689812,250,0,12.589,2,23,3,1.03158,0.250865,0,6.53574,1.00076,1.00962,50,1,6.5471,6.60504,1.70985,0.914694,0.199477,1,0,0,0,0,0,0,0,0,0
7,0.14,0.689812,250,0,12.589,2,24,3,1.03158,0.250865,0,6.53574,1.00076,1.00962,50,2,6.5471,6.60504,1.70985,0.914694,0.173957,1,0,0,0,0,0,0,0,0,0
8,0.14,0.689812,250,0,12.589,2,25,3,1.03158,0.250865,0,6.53574,1.00076,1.00962,50,3,6.5471,6.60504,1.70985,0.914694,0.1498,1,0,0,0,0,0,0,0,0,0
9,0.14,0.689812,250,0,12.589,2,26,3,1.03158,0.250865,0,6.53574,1.00076,1.00962,50,4,6.5471,6.60504,1.70985,0.914694,0.127102,1,0,0,0,0,0,0,0,0,0
10,0.14,0.689812,250,0,12.589,2,27,3,1.03158,0.250865,0,6.53574,1.00076,1.00962,50,5,6.5471,6.60504,1.70985,0.914694,0.105968,1,0,0,0,0,0,0,0,0,0
11,0.14,0.689812,250,0,12.589,2,28,3,1.03158,0.250865,0,6.53574,1.00076,1.00962,50,6,6.5471,6.60504,1.70985,0.914694,0.0864908,1,0,0,0,0,0,0,0,0,0
12,0.14,0.689812,250,0,12.589,2,29,3,1.03158,0.250865,0,6.53574,1.00076,1.00962,50,7,6.5471,6.60504,1.70985,0.914694,0.0687459,1,0,0,0,0,0,0,0,0,0
13,0.14,0.689812,250,0,12.589,2,30,3,1.03158,0.250865,0,6.53574,1.00076,1.00962,50,8,6.5471,6.60504,1.70985,0.914694,0.0527792,1,0,0,0,0,0,0,0,0,0
14,0.14,0.689812,250,0,12.589,2,31,3,1.03158,0.250865,0,6.53574,1.00076,1.00962,50,9,6.5471,6.60504,1.70985,0.914694,0.0386046,1,0,0,0,0,0,0,0,0,0
15,0.14,0.689812,250,0,12.589,2,32,3,1.03158,0.250865,0,6.53574,1.00076,1.00962,50,10,6.5471,6.60504,1.70985,0.914694,0.0262034,1,0,0,0,0,0,0,0,0,0
16,0.14,0.689812,250,0,12.589,2,33,3,1.03158,0.250865,0,6.53574,1.00076,1.00962,50,11,6.5471,6.60504,1.70985,0.914694,0.0155255,1,0,0,0,0,0,0,0,0,0
17,0.14,0.689812,250,0,12.589,2,34,3,1.03158,0.250865,0,6.53574,1.00076,1.00962,50,11,6.5471,6.60504,1.70985,0.914694,0.00649368,1,0,0,0,0,0,0,0,0,0
18,0.14,0.689812,250,0,12.589,2,34,3,1.03158,0.250865,0,6.53574,1.00076,1.00962,50,12,6.5471,6.60504,1.70985,0.914694,0.00649368,0,0,0,0,0,0,0,0,0,0
 
1,0,0,0,0,12.589,0,0,0,0,0,0,0,0,0,0,0,0,0,0,0,0,0,0,0,0,0,0,0,0,0,0
2,0,0.689812,0,0,12.589,0,0,0,0,0,0,0,0,0,0,0,0,0,0,0,0,0,0,0,0,0,0,0,0,0,0
3,0,0.689812,250,0,12.589,0,0,0,0,0,0,0,0,0,0,0,0,0,0,0,0,0,0,0,0,0,0,0,0,0,0
4,0.16,0.689812,250,0,12.589,2,20,3,1.08757,0.26448,0,7.08491,1.001,1.01256,50,12,6.5471,6.60504,1.70985,0.914694,0.00649368,0,0,0,0,0,0,0,0,0,0
5,0.16,0.689812,250,0,12.589,2,20,3,1.08757,0.26448,0,7.08491,1.001,1.01256,50,0,6.52806,6.6035,1.90199,0.944346,0,1,0,0,0,0,0,0,0,0,0
6,0.16,0.689812,250,0,12.589,2,23,3,1.08757,0.26448,0,7.08491,1.001,1.01256,50,1,6.52806,6.6035,1.90199,0.944346,0.200513,1,0,0,0,0,0,0,0,0,0
7,0.16,0.689812,250,0,12.589,2,24,3,1.08757,0.26448,0,7.08491,1.001,1.01256,50,2,6.52806,6.6035,1.90199,0.944346,0.174821,1,0,0,0,0,0,0,0,0,0
8,0.16,0.689812,250,0,12.589,2,25,3,1.08757,0.26448,0,7.08491,1.001,1.01256,50,3,6.52806,6.6035,1.90199,0.944346,0.150478,1,0,0,0,0,0,0,0,0,0
9,0.16,0.689812,250,0,12.589,2,26,3,1.08757,0.26448,0,7.08491,1.001,1.01256,50,4,6.52806,6.6035,1.90199,0.944346,0.127588,1,0,0,0,0,0,0,0,0,0
10,0.16,0.689812,250,0,12.589,2,27,3,1.08757,0.26448,0,7.08491,1.001,1.01256,50,5,6.52806,6.6035,1.90199,0.944346,0.10626,1,0,0,0,0,0,0,0,0,0
11,0.16,0.689812,250,0,12.589,2,28,3,1.08757,0.26448,0,7.08491,1.001,1.01256,50,6,6.52806,6.6035,1.90199,0.944346,0.0865949,1,0,0,0,0,0,0,0,0,0
12,0.16,0.689812,250,0,12.589,2,29,3,1.08757,0.26448,0,7.08491,1.001,1.01256,50,7,6.52806,6.6035,1.90199,0.944346,0.0686715,1,0,0,0,0,0,0,0,0,0
13,0.16,0.689812,250,0,12.589,2,30,3,1.08757,0.26448,0,7.08491,1.001,1.01256,50,8,6.52806,6.6035,1.90199,0.944346,0.0525404,1,0,0,0,0,0,0,0,0,0
14,0.16,0.689812,250,0,12.589,2,31,3,1.08757,0.26448,0,7.08491,1.001,1.01256,50,9,6.52806,6.6035,1.90199,0.944346,0.0382192,1,0,0,0,0,0,0,0,0,0
15,0.16,0.689812,250,0,12.589,2,32,3,1.08757,0.26448,0,7.08491,1.001,1.01256,50,10,6.52806,6.6035,1.90199,0.944346,0.0256913,1,0,0,0,0,0,0,0,0,0
16,0.16,0.689812,250,0,12.589,2,33,3,1.08757,0.26448,0,7.08491,1.001,1.01256,50,11,6.52806,6.6035,1.90199,0.944346,0.0149085,1,0,0,0,0,0,0,0,0,0
17,0.16,0.689812,250,0,12.589,2,34,3,1.08757,0.26448,0,7.08491,1.001,1.01256,50,11,6.52806,6.6035,1.90199,0.944346,0.0057939,1,0,0,0,0,0,0,0,0,0
18,0.16,0.689812,250,0,12.589,2,34,3,1.08757,0.26448,0,7.08491,1.001,1.01256,50,12,6.52806,6.6035,1.90199,0.944346,0.0057939,0,0,0,0,0,0,0,0,0,0
 
1,0,0,0,0,12.589,0,0,0,0,0,0,0,0,0,0,0,0,0,0,0,0,0,0,0,0,0,0,0,0,0,0
2,0,0.689812,0,0,12.589,0,0,0,0,0,0,0,0,0,0,0,0,0,0,0,0,0,0,0,0,0,0,0,0,0,0
3,0,0.689812,250,0,12.589,0,0,0,0,0,0,0,0,0,0,0,0,0,0,0,0,0,0,0,0,0,0,0,0,0,0
4,0.18,0.689812,250,0,12.589,2,20,3,1.14487,0.278415,0,7.57159,1.00126,1.0159,50,12,6.52806,6.6035,1.90199,0.944346,0.0057939,0,0,0,0,0,0,0,0,0,0
5,0.18,0.689812,250,0,12.589,2,20,3,1.14487,0.278415,0,7.57159,1.00126,1.0159,50,0,6.50662,6.60175,2.0986,0.976864,0,1,0,0,0,0,0,0,0,0,0
6,0.18,0.689812,250,0,12.589,2,23,3,1.14487,0.278415,0,7.57159,1.00126,1.0159,50,1,6.50662,6.60175,2.0986,0.976864,0.201719,1,0,0,0,0,0,0,0,0,0
7,0.18,0.689812,250,0,12.589,2,24,3,1.14487,0.278415,0,7.57159,1.00126,1.0159,50,2,6.50662,6.60175,2.0986,0.976864,0.175827,1,0,0,0,0,0,0,0,0,0
8,0.18,0.689812,250,0,12.589,2,25,3,1.14487,0.278415,0,7.57159,1.00126,1.0159,50,3,6.50662,6.60175,2.0986,0.976864,0.151269,1,0,0,0,0,0,0,0,0,0
9,0.18,0.689812,250,0,12.589,2,26,3,1.14487,0.278415,0,7.57159,1.00126,1.0159,50,4,6.50662,6.60175,2.0986,0.976864,0.128156,1,0,0,0,0,0,0,0,0,0
10,0.18,0.689812,250,0,12.589,2,27,3,1.14487,0.278415,0,7.57159,1.00126,1.0159,50,5,6.50662,6.60175,2.0986,0.976864,0.106605,1,0,0,0,0,0,0,0,0,0
11,0.18,0.689812,250,0,12.589,2,28,3,1.14487,0.278415,0,7.57159,1.00126,1.0159,50,6,6.50662,6.60175,2.0986,0.976864,0.0867208,1,0,0,0,0,0,0,0,0,0
12,0.18,0.689812,250,0,12.589,2,29,3,1.14487,0.278415,0,7.57159,1.00126,1.0159,50,7,6.50662,6.60175,2.0986,0.976864,0.0685897,1,0,0,0,0,0,0,0,0,0
13,0.18,0.689812,250,0,12.589,2,30,3,1.14487,0.278415,0,7.57159,1.00126,1.0159,50,8,6.50662,6.60175,2.0986,0.976864,0.0522673,1,0,0,0,0,0,0,0,0,0
14,0.18,0.689812,250,0,12.589,2,31,3,1.14487,0.278415,0,7.57159,1.00126,1.0159,50,9,6.50662,6.60175,2.0986,0.976864,0.0377751,1,0,0,0,0,0,0,0,0,0
15,0.18,0.689812,250,0,12.589,2,32,3,1.14487,0.278415,0,7.57159,1.00126,1.0159,50,10,6.50662,6.60175,2.0986,0.976864,0.0250997,1,0,0,0,0,0,0,0,0,0
16,0.18,0.689812,250,0,12.589,2,33,3,1.14487,0.278415,0,7.57159,1.00126,1.0159,50,11,6.50662,6.60175,2.0986,0.976864,0.0141944,1,0,0,0,0,0,0,0,0,0
17,0.18,0.689812,250,0,12.589,2,34,3,1.14487,0.278415,0,7.57159,1.00126,1.0159,50,11,6.50662,6.60175,2.0986,0.976864,0.00498317,1,0,0,0,0,0,0,0,0,0
18,0.18,0.689812,250,0,12.589,2,34,3,1.14487,0.278415,0,7.57159,1.00126,1.0159,50,12,6.50662,6.60175,2.0986,0.976864,0.00498317,0,0,0,0,0,0,0,0,0,0
 
1,0,0,0,0,12.589,0,0,0,0,0,0,0,0,0,0,0,0,0,0,0,0,0,0,0,0,0,0,0,0,0,0
2,0,0.689812,0,0,12.589,0,0,0,0,0,0,0,0,0,0,0,0,0,0,0,0,0,0,0,0,0,0,0,0,0,0
3,0,0.689812,250,0,12.589,0,0,0,0,0,0,0,0,0,0,0,0,0,0,0,0,0,0,0,0,0,0,0,0,0,0
4,0.2,0.689812,250,0,12.589,2,20,3,1.20351,0.292677,0,8.00293,1.00156,1.01963,50,12,6.50662,6.60175,2.0986,0.976864,0.00498317,0,0,0,0,0,0,0,0,0,0
5,0.2,0.689812,250,0,12.589,2,20,3,1.20351,0.292677,0,8.00293,1.00156,1.01963,50,0,6.48281,6.59979,2.29853,1.01197,0,1,0,0,0,0,0,0,0,0,0
6,0.2,0.689812,250,0,12.589,2,23,3,1.20351,0.292677,0,8.00293,1.00156,1.01963,50,1,6.48281,6.59979,2.29853,1.01197,0.203108,1,0,0,0,0,0,0,0,0,0
7,0.2,0.689812,250,0,12.589,2,24,3,1.20351,0.292677,0,8.00293,1.00156,1.01963,50,2,6.48281,6.59979,2.29853,1.01197,0.176987,1,0,0,0,0,0,0,0,0,0
8,0.2,0.689812,250,0,12.589,2,25,3,1.20351,0.292677,0,8.00293,1.00156,1.01963,50,3,6.48281,6.59979,2.29853,1.01197,0.152184,1,0,0,0,0,0,0,0,0,0
9,0.2,0.689812,250,0,12.589,2,26,3,1.20351,0.292677,0,8.00293,1.00156,1.01963,50,4,6.48281,6.59979,2.29853,1.01197,0.128816,1,0,0,0,0,0,0,0,0,0
10,0.2,0.689812,250,0,12.589,2,27,3,1.20351,0.292677,0,8.00293,1.00156,1.01963,50,5,6.48281,6.59979,2.29853,1.01197,0.107007,1,0,0,0,0,0,0,0,0,0
11,0.2,0.689812,250,0,12.589,2,28,3,1.20351,0.292677,0,8.00293,1.00156,1.01963,50,6,6.48281,6.59979,2.29853,1.01197,0.0868718,1,0,0,0,0,0,0,0,0,0
12,0.2,0.689812,250,0,12.589,2,29,3,1.20351,0.292677,0,8.00293,1.00156,1.01963,50,7,6.48281,6.59979,2.29853,1.01197,0.0685017,1,0,0,0,0,0,0,0,0,0
13,0.2,0.689812,250,0,12.589,2,30,3,1.20351,0.292677,0,8.00293,1.00156,1.01963,50,8,6.48281,6.59979,2.29853,1.01197,0.0519589,1,0,0,0,0,0,0,0,0,0
14,0.2,0.689812,250,0,12.589,2,31,3,1.20351,0.292677,0,8.00293,1.00156,1.01963,50,9,6.48281,6.59979,2.29853,1.01197,0.0372696,1,0,0,0,0,0,0,0,0,0
15,0.2,0.689812,250,0,12.589,2,32,3,1.20351,0.292677,0,8.00293,1.00156,1.01963,50,10,6.48281,6.59979,2.29853,1.01197,0.0244238,1,0,0,0,0,0,0,0,0,0
16,0.2,0.689812,250,0,12.589,2,33,3,1.20351,0.292677,0,8.00293,1.00156,1.01963,50,11,6.48281,6.59979,2.29853,1.01197,0.013377,1,0,0,0,0,0,0,0,0,0
17,0.2,0.689812,250,0,12.589,2,34,3,1.20351,0.292677,0,8.00293,1.00156,1.01963,50,11,6.48281,6.59979,2.29853,1.01197,0.00405402,1,0,0,0,0,0,0,0,0,0
18,0.2,0.689812,250,0,12.589,2,34,3,1.20351,0.292677,0,8.00293,1.00156,1.01963,50,12,6.48281,6.59979,2.29853,1.01197,0.00405402,0,0,0,0,0,0,0,0,0,0
 
1,0,0,0,0,12.589,0,0,0,0,0,0,0,0,0,0,0,0,0,0,0,0,0,0,0,0,0,0,0,0,0,0
2,0,0.689812,0,0,12.589,0,0,0,0,0,0,0,0,0,0,0,0,0,0,0,0,0,0,0,0,0,0,0,0,0,0
3,0,0.689812,250,0,12.589,0,0,0,0,0,0,0,0,0,0,0,0,0,0,0,0,0,0,0,0,0,0,0,0,0,0
4,0.22,0.689812,250,0,12.589,2,20,3,1.26353,0.307271,0,8.38509,1.00189,1.02376,50,12,6.48281,6.59979,2.29853,1.01197,0.00405402,0,0,0,0,0,0,0,0,0,0
5,0.22,0.689812,250,0,12.589,2,20,3,1.26353,0.307271,0,8.38509,1.00189,1.02376,50,0,6.4567,6.59764,2.50098,1.04941,0,1,0,0,0,0,0,0,0,0,0
6,0.22,0.689812,250,0,12.589,2,23,3,1.26353,0.307271,0,8.38509,1.00189,1.02376,50,1,6.4567,6.59764,2.50098,1.04941,0.204696,1,0,0,0,0,0,0,0,0,0
7,0.22,0.689812,250,0,12.589,2,24,3,1.26353,0.307271,0,8.38509,1.00189,1.02376,50,2,6.4567,6.59764,2.50098,1.04941,0.178316,1,0,0,0,0,0,0,0,0,0
8,0.22,0.689812,250,0,12.589,2,25,3,1.26353,0.307271,0,8.38509,1.00189,1.02376,50,3,6.4567,6.59764,2.50098,1.04941,0.153234,1,0,0,0,0,0,0,0,0,0
9,0.22,0.689812,250,0,12.589,2,26,3,1.26353,0.307271,0,8.38509,1.00189,1.02376,50,4,6.4567,6.59764,2.50098,1.04941,0.129576,1,0,0,0,0,0,0,0,0,0
10,0.22,0.689812,250,0,12.589,2,27,3,1.26353,0.307271,0,8.38509,1.00189,1.02376,50,5,6.4567,6.59764,2.50098,1.04941,0.107474,1,0,0,0,0,0,0,0,0,0
11,0.22,0.689812,250,0,12.589,2,28,3,1.26353,0.307271,0,8.38509,1.00189,1.02376,50,6,6.4567,6.59764,2.50098,1.04941,0.0870519,1,0,0,0,0,0,0,0,0,0
12,0.22,0.689812,250,0,12.589,2,29,3,1.26353,0.307271,0,8.38509,1.00189,1.02376,50,7,6.4567,6.59764,2.50098,1.04941,0.0684089,1,0,0,0,0,0,0,0,0,0
13,0.22,0.689812,250,0,12.589,2,30,3,1.26353,0.307271,0,8.38509,1.00189,1.02376,50,8,6.4567,6.59764,2.50098,1.04941,0.051614,1,0,0,0,0,0,0,0,0,0
14,0.22,0.689812,250,0,12.589,2,31,3,1.26353,0.307271,0,8.38509,1.00189,1.02376,50,9,6.4567,6.59764,2.50098,1.04941,0.0366991,1,0,0,0,0,0,0,0,0,0
15,0.22,0.689812,250,0,12.589,2,32,3,1.26353,0.307271,0,8.38509,1.00189,1.02376,50,10,6.4567,6.59764,2.50098,1.04941,0.0236581,1,0,0,0,0,0,0,0,0,0
16,0.22,0.689812,250,0,12.589,2,33,3,1.26353,0.307271,0,8.38509,1.00189,1.02376,50,11,6.4567,6.59764,2.50098,1.04941,0.012449,1,0,0,0,0,0,0,0,0,0
17,0.22,0.689812,250,0,12.589,2,34,3,1.26353,0.307271,0,8.38509,1.00189,1.02376,50,11,6.4567,6.59764,2.50098,1.04941,0.00299757,1,0,0,0,0,0,0,0,0,0
18,0.22,0.689812,250,0,12.589,2,34,3,1.26353,0.307271,0,8.38509,1.00189,1.02376,50,12,6.4567,6.59764,2.50098,1.04941,0.00299757,0,0,0,0,0,0,0,0,0,0
 
1,0,0,0,0,12.589,0,0,0,0,0,0,0,0,0,0,0,0,0,0,0,0,0,0,0,0,0,0,0,0,0,0
2,0,0.689812,0,0,12.589,0,0,0,0,0,0,0,0,0,0,0,0,0,0,0,0,0,0,0,0,0,0,0,0,0,0
3,0,0.689812,250,0,12.589,0,0,0,0,0,0,0,0,0,0,0,0,0,0,0,0,0,0,0,0,0,0,0,0,0,0
4,0.24,0.689812,250,0,12.589,2,20,3,1.32494,0.322205,0,8.7234,1.00225,1.02827,50,12,6.4567,6.59764,2.50098,1.04941,0.00299757,0,0,0,0,0,0,0,0,0,0
5,0.24,0.689812,250,0,12.589,2,20,3,1.32494,0.322205,0,8.7234,1.00225,1.02827,50,0,6.42835,6.59528,2.70538,1.08894,0,1,0,0,0,0,0,0,0,0,0
6,0.24,0.689812,250,0,12.589,2,23,3,1.32494,0.322205,0,8.7234,1.00225,1.02827,50,1,6.42835,6.59528,2.70538,1.08894,0.206502,1,0,0,0,0,0,0,0,0,0
7,0.24,0.689812,250,0,12.589,2,24,3,1.32494,0.322205,0,8.7234,1.00225,1.02827,50,2,6.42835,6.59528,2.70538,1.08894,0.179831,1,0,0,0,0,0,0,0,0,0
8,0.24,0.689812,250,0,12.589,2,25,3,1.32494,0.322205,0,8.7234,1.00225,1.02827,50,3,6.42835,6.59528,2.70538,1.08894,0.154434,1,0,0,0,0,0,0,0,0,0
9,0.24,0.689812,250,0,12.589,2,26,3,1.32494,0.322205,0,8.7234,1.00225,1.02827,50,4,6.42835,6.59528,2.70538,1.08894,0.130448,1,0,0,0,0,0,0,0,0,0
10,0.24,0.689812,250,0,12.589,2,27,3,1.32494,0.322205,0,8.7234,1.00225,1.02827,50,5,6.42835,6.59528,2.70538,1.08894,0.108014,1,0,0,0,0,0,0,0,0,0
11,0.24,0.689812,250,0,12.589,2,28,3,1.32494,0.322205,0,8.7234,1.00225,1.02827,50,6,6.42835,6.59528,2.70538,1.08894,0.0872663,1,0,0,0,0,0,0,0,0,0
12,0.24,0.689812,250,0,12.589,2,29,3,1.32494,0.322205,0,8.7234,1.00225,1.02827,50,7,6.42835,6.59528,2.70538,1.08894,0.0683131,1,0,0,0,0,0,0,0,0,0
13,0.24,0.689812,250,0,12.589,2,30,3,1.32494,0.322205,0,8.7234,1.00225,1.02827,50,8,6.42835,6.59528,2.70538,1.08894,0.0512314,1,0,0,0,0,0,0,0,0,0
14,0.24,0.689812,250,0,12.589,2,31,3,1.32494,0.322205,0,8.7234,1.00225,1.02827,50,9,6.42835,6.59528,2.70538,1.08894,0.0360595,1,0,0,0,0,0,0,0,0,0
15,0.24,0.689812,250,0,12.589,2,32,3,1.32494,0.322205,0,8.7234,1.00225,1.02827,50,10,6.42835,6.59528,2.70538,1.08894,0.0227959,1,0,0,0,0,0,0,0,0,0
16,0.24,0.689812,250,0,12.589,2,33,3,1.32494,0.322205,0,8.7234,1.00225,1.02827,50,11,6.42835,6.59528,2.70538,1.08894,0.0114014,1,0,0,0,0,0,0,0,0,0
17,0.24,0.689812,250,0,12.589,2,34,3,1.32494,0.322205,0,8.7234,1.00225,1.02827,50,11,6.42835,6.59528,2.70538,1.08894,0.00180323,1,0,0,0,0,0,0,0,0,0
18,0.24,0.689812,250,0,12.589,2,34,3,1.32494,0.322205,0,8.7234,1.00225,1.02827,50,12,6.42835,6.59528,2.70538,1.08894,0.00180323,0,0,0,0,0,0,0,0,0,0
 
1,0,0,0,0,12.589,0,0,0,0,0,0,0,0,0,0,0,0,0,0,0,0,0,0,0,0,0,0,0,0,0,0
2,0,0.689812,0,0,12.589,0,0,0,0,0,0,0,0,0,0,0,0,0,0,0,0,0,0,0,0,0,0,0,0,0,0
3,0,0.689812,250,0,12.589,0,0,0,0,0,0,0,0,0,0,0,0,0,0,0,0,0,0,0,0,0,0,0,0,0,0
4,0.26,0.689812,250,0,12.589,2,20,3,1.38777,0.337485,0,9.02248,1.00264,1.03318,50,12,6.42835,6.59528,2.70538,1.08894,0.00180323,0,0,0,0,0,0,0,0,0,0
5,0.26,0.689812,250,0,12.589,2,20,3,1.38777,0.337485,0,9.02248,1.00264,1.03318,50,0,6.39781,6.59271,2.91134,1.13034,0,1,0,0,0,0,0,0,0,0,0
6,0.26,0.689812,250,0,12.589,2,23,3,1.38777,0.337485,0,9.02248,1.00264,1.03318,50,1,6.39781,6.59271,2.91134,1.13034,0.208547,1,0,0,0,0,0,0,0,0,0
7,0.26,0.689812,250,0,12.589,2,24,3,1.38777,0.337485,0,9.02248,1.00264,1.03318,50,2,6.39781,6.59271,2.91134,1.13034,0.18155,1,0,0,0,0,0,0,0,0,0
8,0.26,0.689812,250,0,12.589,2,25,3,1.38777,0.337485,0,9.02248,1.00264,1.03318,50,3,6.39781,6.59271,2.91134,1.13034,0.155801,1,0,0,0,0,0,0,0,0,0
9,0.26,0.689812,250,0,12.589,2,26,3,1.38777,0.337485,0,9.02248,1.00264,1.03318,50,4,6.39781,6.59271,2.91134,1.13034,0.131445,1,0,0,0,0,0,0,0,0,0
10,0.26,0.689812,250,0,12.589,2,27,3,1.38777,0.337485,0,9.02248,1.00264,1.03318,50,5,6.39781,6.59271,2.91134,1.13034,0.108637,1,0,0,0,0,0,0,0,0,0
11,0.26,0.689812,250,0,12.589,2,28,3,1.38777,0.337485,0,9.02248,1.00264,1.03318,50,6,6.39781,6.59271,2.91134,1.13034,0.0875207,1,0,0,0,0,0,0,0,0,0
12,0.26,0.689812,250,0,12.589,2,29,3,1.38777,0.337485,0,9.02248,1.00264,1.03318,50,7,6.39781,6.59271,2.91134,1.13034,0.0682164,1,0,0,0,0,0,0,0,0,0
13,0.26,0.689812,250,0,12.589,2,30,3,1.38777,0.337485,0,9.02248,1.00264,1.03318,50,8,6.39781,6.59271,2.91134,1.13034,0.0508097,1,0,0,0,0,0,0,0,0,0
14,0.26,0.689812,250,0,12.589,2,31,3,1.38777,0.337485,0,9.02248,1.00264,1.03318,50,9,6.39781,6.59271,2.91134,1.13034,0.035346,1,0,0,0,0,0,0,0,0,0
15,0.26,0.689812,250,0,12.589,2,32,3,1.38777,0.337485,0,9.02248,1.00264,1.03318,50,10,6.39781,6.59271,2.91134,1.13034,0.0218294,1,0,0,0,0,0,0,0,0,0
16,0.26,0.689812,250,0,12.589,2,33,3,1.38777,0.337485,0,9.02248,1.00264,1.03318,50,11,6.39781,6.59271,2.91134,1.13034,0.010224,1,0,0,0,0,0,0,0,0,0
17,0.26,0.689812,250,0,12.589,2,34,3,1.38777,0.337485,0,9.02248,1.00264,1.03318,50,11,6.39781,6.59271,2.91134,1.13034,0.000458473,1,0,0,0,0,0,0,0,0,0
18,0.26,0.689812,250,0,12.589,2,34,3,1.38777,0.337485,0,9.02248,1.00264,1.03318,50,12,6.39781,6.59271,2.91134,1.13034,0.000458473,0,0,0,0,0,0,0,0,0,0
 
1,0,0,0,0,12.589,0,0,0,0,0,0,0,0,0,0,0,0,0,0,0,0,0,0,0,0,0,0,0,0,0,0
2,0,0.689812,0,0,12.589,0,0,0,0,0,0,0,0,0,0,0,0,0,0,0,0,0,0,0,0,0,0,0,0,0,0
3,0,0.689812,250,0,12.589,0,0,0,0,0,0,0,0,0,0,0,0,0,0,0,0,0,0,0,0,0,0,0,0,0,0
4,0.28,0.689812,250,0,12.589,2,20,3,1.45205,0.353118,0,9.28637,1.00306,1.03848,50,12,6.39781,6.59271,2.91134,1.13034,0.000458473,0,0,0,0,0,0,0,0,0,0
5,0.28,0.689812,250,0,12.589,2,20,3,1.45205,0.353118,0,9.28637,1.00306,1.03848,50,0,6.36516,6.58994,3.11853,1.17341,0,1,0,0,0,0,0,0,0,0,0
6,0.28,0.689812,250,0,12.589,2,23,3,1.45205,0.353118,0,9.28637,1.00306,1.03848,50,1,6.36516,6.58994,3.11853,1.17341,0.210858,1,0,0,0,0,0,0,0,0,0
7,0.28,0.689812,250,0,12.589,2,24,3,1.45205,0.353118,0,9.28637,1.00306,1.03848,50,2,6.36516,6.58994,3.11853,1.17341,0.183498,1,0,0,0,0,0,0,0,0,0
8,0.28,0.689812,250,0,12.589,2,25,3,1.45205,0.353118,0,9.28637,1.00306,1.03848,50,3,6.36516,6.58994,3.11853,1.17341,0.157353,1,0,0,0,0,0,0,0,0,0
9,0.28,0.689812,250,0,12.589,2,26,3,1.45205,0.353118,0,9.28637,1.00306,1.03848,50,4,6.36516,6.58994,3.11853,1.17341,0.132583,1,0,0,0,0,0,0,0,0,0
10,0.28,0.689812,250,0,12.589,2,27,3,1.45205,0.353118,0,9.28637,1.00306,1.03848,50,5,6.36516,6.58994,3.11853,1.17341,0.109353,1,0,0,0,0,0,0,0,0,0
11,0.28,0.689812,250,0,12.589,2,28,3,1.45205,0.353118,0,9.28637,1.00306,1.03848,50,6,6.36516,6.58994,3.11853,1.17341,0.0878224,1,0,0,0,0,0,0,0,0,0
12,0.28,0.689812,250,0,12.589,2,29,3,1.45205,0.353118,0,9.28637,1.00306,1.03848,50,7,6.36516,6.58994,3.11853,1.17341,0.0681217,1,0,0,0,0,0,0,0,0,0
13,0.28,0.689812,250,0,12.589,2,30,3,1.45205,0.353118,0,9.28637,1.00306,1.03848,50,8,6.36516,6.58994,3.11853,1.17341,0.0503472,1,0,0,0,0,0,0,0,0,0
14,0.28,0.689812,250,0,12.589,2,31,3,1.45205,0.353118,0,9.28637,1.00306,1.03848,50,9,6.36516,6.58994,3.11853,1.17341,0.034553,1,0,0,0,0,0,0,0,0,0
15,0.28,0.689812,250,0,12.589,2,32,3,1.45205,0.353118,0,9.28637,1.00306,1.03848,50,10,6.36516,6.58994,3.11853,1.17341,0.0207493,1,0,0,0,0,0,0,0,0,0
16,0.28,0.689812,250,0,12.589,2,33,3,1.45205,0.353118,0,9.28637,1.00306,1.03848,50,10,6.36516,6.58994,3.11853,1.17341,0.00890427,1,0,0,0,0,0,0,0,0,0
17,0.28,0.689812,250,0,12.589,2,33,3,1.45205,0.353118,0,9.28637,1.00306,1.03848,50,11,6.36516,6.58994,3.11853,1.17341,0.00890427,0,0,0,0,0,0,0,0,0,0
 
1,0,0,0,0,12.589,0,0,0,0,0,0,0,0,0,0,0,0,0,0,0,0,0,0,0,0,0,0,0,0,0,0
2,0,0.689812,0,0,12.589,0,0,0,0,0,0,0,0,0,0,0,0,0,0,0,0,0,0,0,0,0,0,0,0,0,0
3,0,0.689812,250,0,12.589,0,0,0,0,0,0,0,0,0,0,0,0,0,0,0,0,0,0,0,0,0,0,0,0,0,0
4,0.3,0.689812,250,0,12.589,2,20,3,1.51781,0.36911,0,9.5186,1.00351,1.04417,50,11,6.36516,6.58994,3.11853,1.17341,0.00890427,0,0,0,0,0,0,0,0,0,0
5,0.3,0.689812,250,0,12.589,2,20,3,1.51781,0.36911,0,9.5186,1.00351,1.04417,50,0,6.33045,6.58697,3.32674,1.21797,0,1,0,0,0,0,0,0,0,0,0
6,0.3,0.689812,250,0,12.589,2,23,3,1.51781,0.36911,0,9.5186,1.00351,1.04417,50,1,6.33045,6.58697,3.32674,1.21797,0.213467,1,0,0,0,0,0,0,0,0,0
7,0.3,0.689812,250,0,12.589,2,24,3,1.51781,0.36911,0,9.5186,1.00351,1.04417,50,2,6.33045,6.58697,3.32674,1.21797,0.185702,1,0,0,0,0,0,0,0,0,0
8,0.3,0.689812,250,0,12.589,2,25,3,1.51781,0.36911,0,9.5186,1.00351,1.04417,50,3,6.33045,6.58697,3.32674,1.21797,0.159116,1,0,0,0,0,0,0,0,0,0
9,0.3,0.689812,250,0,12.589,2,26,3,1.51781,0.36911,0,9.5186,1.00351,1.04417,50,4,6.33045,6.58697,3.32674,1.21797,0.13388,1,0,0,0,0,0,0,0,0,0
10,0.3,0.689812,250,0,12.589,2,27,3,1.51781,0.36911,0,9.5186,1.00351,1.04417,50,5,6.33045,6.58697,3.32674,1.21797,0.110178,1,0,0,0,0,0,0,0,0,0
11,0.3,0.689812,250,0,12.589,2,28,3,1.51781,0.36911,0,9.5186,1.00351,1.04417,50,6,6.33045,6.58697,3.32674,1.21797,0.0881801,1,0,0,0,0,0,0,0,0,0
12,0.3,0.689812,250,0,12.589,2,29,3,1.51781,0.36911,0,9.5186,1.00351,1.04417,50,7,6.33045,6.58697,3.32674,1.21797,0.0680322,1,0,0,0,0,0,0,0,0,0
13,0.3,0.689812,250,0,12.589,2,30,3,1.51781,0.36911,0,9.5186,1.00351,1.04417,50,8,6.33045,6.58697,3.32674,1.21797,0.0498422,1,0,0,0,0,0,0,0,0,0
14,0.3,0.689812,250,0,12.589,2,31,3,1.51781,0.36911,0,9.5186,1.00351,1.04417,50,9,6.33045,6.58697,3.32674,1.21797,0.0336739,1,0,0,0,0,0,0,0,0,0
15,0.3,0.689812,250,0,12.589,2,32,3,1.51781,0.36911,0,9.5186,1.00351,1.04417,50,10,6.33045,6.58697,3.32674,1.21797,0.0195449,1,0,0,0,0,0,0,0,0,0
16,0.3,0.689812,250,0,12.589,2,33,3,1.51781,0.36911,0,9.5186,1.00351,1.04417,50,10,6.33045,6.58697,3.32674,1.21797,0.00742773,1,0,0,0,0,0,0,0,0,0
17,0.3,0.689812,250,0,12.589,2,33,3,1.51781,0.36911,0,9.5186,1.00351,1.04417,50,11,6.33045,6.58697,3.32674,1.21797,0.00742773,0,0,0,0,0,0,0,0,0,0
 
1,0,0,0,0,12.589,0,0,0,0,0,0,0,0,0,0,0,0,0,0,0,0,0,0,0,0,0,0,0,0,0,0
2,0,0.689812,0,0,12.589,0,0,0,0,0,0,0,0,0,0,0,0,0,0,0,0,0,0,0,0,0,0,0,0,0,0
3,0,0.689812,250,0,12.589,0,0,0,0,0,0,0,0,0,0,0,0,0,0,0,0,0,0,0,0,0,0,0,0,0,0
4,0.32,0.689812,250,0,12.589,2,20,3,1.58508,0.385468,0,9.72231,1.00399,1.05026,50,11,6.33045,6.58697,3.32674,1.21797,0.00742773,0,0,0,0,0,0,0,0,0,0
5,0.32,0.689812,250,0,12.589,2,20,3,1.58508,0.385468,0,9.72231,1.00399,1.05026,50,0,6.29376,6.5838,3.53578,1.26388,0,1,0,0,0,0,0,0,0,0,0
6,0.32,0.689812,250,0,12.589,2,23,3,1.58508,0.385468,0,9.72231,1.00399,1.05026,50,1,6.29376,6.5838,3.53578,1.26388,0.21641,1,0,0,0,0,0,0,0,0,0
7,0.32,0.689812,250,0,12.589,2,24,3,1.58508,0.385468,0,9.72231,1.00399,1.05026,50,2,6.29376,6.5838,3.53578,1.26388,0.188195,1,0,0,0,0,0,0,0,0,0
8,0.32,0.689812,250,0,12.589,2,25,3,1.58508,0.385468,0,9.72231,1.00399,1.05026,50,3,6.29376,6.5838,3.53578,1.26388,0.161116,1,0,0,0,0,0,0,0,0,0
9,0.32,0.689812,250,0,12.589,2,26,3,1.58508,0.385468,0,9.72231,1.00399,1.05026,50,4,6.29376,6.5838,3.53578,1.26388,0.135361,1,0,0,0,0,0,0,0,0,0
10,0.32,0.689812,250,0,12.589,2,27,3,1.58508,0.385468,0,9.72231,1.00399,1.05026,50,5,6.29376,6.5838,3.53578,1.26388,0.111128,1,0,0,0,0,0,0,0,0,0
11,0.32,0.689812,250,0,12.589,2,28,3,1.58508,0.385468,0,9.72231,1.00399,1.05026,50,6,6.29376,6.5838,3.53578,1.26388,0.0886044,1,0,0,0,0,0,0,0,0,0
12,0.32,0.689812,250,0,12.589,2,29,3,1.58508,0.385468,0,9.72231,1.00399,1.05026,50,7,6.29376,6.5838,3.53578,1.26388,0.0679521,1,0,0,0,0,0,0,0,0,0
13,0.32,0.689812,250,0,12.589,2,30,3,1.58508,0.385468,0,9.72231,1.00399,1.05026,50,8,6.29376,6.5838,3.53578,1.26388,0.0492927,1,0,0,0,0,0,0,0,0,0
14,0.32,0.689812,250,0,12.589,2,31,3,1.58508,0.385468,0,9.72231,1.00399,1.05026,50,9,6.29376,6.5838,3.53578,1.26388,0.0327011,1,0,0,0,0,0,0,0,0,0
15,0.32,0.689812,250,0,12.589,2,32,3,1.58508,0.385468,0,9.72231,1.00399,1.05026,50,10,6.29376,6.5838,3.53578,1.26388,0.0182031,1,0,0,0,0,0,0,0,0,0
16,0.32,0.689812,250,0,12.589,2,33,3,1.58508,0.385468,0,9.72231,1.00399,1.05026,50,10,6.29376,6.5838,3.53578,1.26388,0.00577691,1,0,0,0,0,0,0,0,0,0
17,0.32,0.689812,250,0,12.589,2,33,3,1.58508,0.385468,0,9.72231,1.00399,1.05026,50,11,6.29376,6.5838,3.53578,1.26388,0.00577691,0,0,0,0,0,0,0,0,0,0
 
1,0,0,0,0,12.589,0,0,0,0,0,0,0,0,0,0,0,0,0,0,0,0,0,0,0,0,0,0,0,0,0,0
2,0,0.689812,0,0,12.589,0,0,0,0,0,0,0,0,0,0,0,0,0,0,0,0,0,0,0,0,0,0,0,0,0,0
3,0,0.689812,250,0,12.589,0,0,0,0,0,0,0,0,0,0,0,0,0,0,0,0,0,0,0,0,0,0,0,0,0,0
4,0.34,0.689812,250,0,12.589,2,20,3,1.65388,0.402199,0,9.90023,1.00451,1.05674,50,11,6.29376,6.5838,3.53578,1.26388,0.00577691,0,0,0,0,0,0,0,0,0,0
5,0.34,0.689812,250,0,12.589,2,20,3,1.65388,0.402199,0,9.90023,1.00451,1.05674,50,0,6.25518,6.58043,3.74551,1.31098,0,1,0,0,0,0,0,0,0,0,0
6,0.34,0.689812,250,0,12.589,2,23,3,1.65388,0.402199,0,9.90023,1.00451,1.05674,50,1,6.25518,6.58043,3.74551,1.31098,0.219731,1,0,0,0,0,0,0,0,0,0
7,0.34,0.689812,250,0,12.589,2,24,3,1.65388,0.402199,0,9.90023,1.00451,1.05674,50,2,6.25518,6.58043,3.74551,1.31098,0.191018,1,0,0,0,0,0,0,0,0,0
8,0.34,0.689812,250,0,12.589,2,25,3,1.65388,0.402199,0,9.90023,1.00451,1.05674,50,3,6.25518,6.58043,3.74551,1.31098,0.16339,1,0,0,0,0,0,0,0,0,0
9,0.34,0.689812,250,0,12.589,2,26,3,1.65388,0.402199,0,9.90023,1.00451,1.05674,50,4,6.25518,6.58043,3.74551,1.31098,0.137053,1,0,0,0,0,0,0,0,0,0
10,0.34,0.689812,250,0,12.589,2,27,3,1.65388,0.402199,0,9.90023,1.00451,1.05674,50,5,6.25518,6.58043,3.74551,1.31098,0.112223,1,0,0,0,0,0,0,0,0,0
11,0.34,0.689812,250,0,12.589,2,28,3,1.65388,0.402199,0,9.90023,1.00451,1.05674,50,6,6.25518,6.58043,3.74551,1.31098,0.0891082,1,0,0,0,0,0,0,0,0,0
12,0.34,0.689812,250,0,12.589,2,29,3,1.65388,0.402199,0,9.90023,1.00451,1.05674,50,7,6.25518,6.58043,3.74551,1.31098,0.0678868,1,0,0,0,0,0,0,0,0,0
13,0.34,0.689812,250,0,12.589,2,30,3,1.65388,0.402199,0,9.90023,1.00451,1.05674,50,8,6.25518,6.58043,3.74551,1.31098,0.0486966,1,0,0,0,0,0,0,0,0,0
14,0.34,0.689812,250,0,12.589,2,31,3,1.65388,0.402199,0,9.90023,1.00451,1.05674,50,9,6.25518,6.58043,3.74551,1.31098,0.0316254,1,0,0,0,0,0,0,0,0,0
15,0.34,0.689812,250,0,12.589,2,32,3,1.65388,0.402199,0,9.90023,1.00451,1.05674,50,10,6.25518,6.58043,3.74551,1.31098,0.0167087,1,0,0,0,0,0,0,0,0,0
16,0.34,0.689812,250,0,12.589,2,33,3,1.65388,0.402199,0,9.90023,1.00451,1.05674,50,10,6.25518,6.58043,3.74551,1.31098,0.00393097,1,0,0,0,0,0,0,0,0,0
17,0.34,0.689812,250,0,12.589,2,33,3,1.65388,0.402199,0,9.90023,1.00451,1.05674,50,11,6.25518,6.58043,3.74551,1.31098,0.00393097,0,0,0,0,0,0,0,0,0,0
 
1,0,0,0,0,12.589,0,0,0,0,0,0,0,0,0,0,0,0,0,0,0,0,0,0,0,0,0,0,0,0,0,0
2,0,0.689812,0,0,12.589,0,0,0,0,0,0,0,0,0,0,0,0,0,0,0,0,0,0,0,0,0,0,0,0,0,0
3,0,0.689812,250,0,12.589,0,0,0,0,0,0,0,0,0,0,0,0,0,0,0,0,0,0,0,0,0,0,0,0,0,0
4,0.36,0.689812,250,0,12.589,2,20,3,1.72424,0.41931,0,10.0548,1.00505,1.06361,50,11,6.25518,6.58043,3.74551,1.31098,0.00393097,0,0,0,0,0,0,0,0,0,0
5,0.36,0.689812,250,0,12.589,2,20,3,1.72424,0.41931,0,10.0548,1.00505,1.06361,50,0,6.21477,6.57686,3.95583,1.35915,0,1,0,0,0,0,0,0,0,0,0
6,0.36,0.689812,250,0,12.589,2,23,3,1.72424,0.41931,0,10.0548,1.00505,1.06361,50,1,6.21477,6.57686,3.95583,1.35915,0.223485,1,0,0,0,0,0,0,0,0,0
7,0.36,0.689812,250,0,12.589,2,24,3,1.72424,0.41931,0,10.0548,1.00505,1.06361,50,2,6.21477,6.57686,3.95583,1.35915,0.194218,1,0,0,0,0,0,0,0,0,0
8,0.36,0.689812,250,0,12.589,2,25,3,1.72424,0.41931,0,10.0548,1.00505,1.06361,50,3,6.21477,6.57686,3.95583,1.35915,0.165977,1,0,0,0,0,0,0,0,0,0
9,0.36,0.689812,250,0,12.589,2,26,3,1.72424,0.41931,0,10.0548,1.00505,1.06361,50,4,6.21477,6.57686,3.95583,1.35915,0.138988,1,0,0,0,0,0,0,0,0,0
10,0.36,0.689812,250,0,12.589,2,27,3,1.72424,0.41931,0,10.0548,1.00505,1.06361,50,5,6.21477,6.57686,3.95583,1.35915,0.113489,1,0,0,0,0,0,0,0,0,0
11,0.36,0.689812,250,0,12.589,2,28,3,1.72424,0.41931,0,10.0548,1.00505,1.06361,50,6,6.21477,6.57686,3.95583,1.35915,0.0897072,1,0,0,0,0,0,0,0,0,0
12,0.36,0.689812,250,0,12.589,2,29,3,1.72424,0.41931,0,10.0548,1.00505,1.06361,50,7,6.21477,6.57686,3.95583,1.35915,0.0678429,1,0,0,0,0,0,0,0,0,0
13,0.36,0.689812,250,0,12.589,2,30,3,1.72424,0.41931,0,10.0548,1.00505,1.06361,50,8,6.21477,6.57686,3.95583,1.35915,0.0480516,1,0,0,0,0,0,0,0,0,0
14,0.36,0.689812,250,0,12.589,2,31,3,1.72424,0.41931,0,10.0548,1.00505,1.06361,50,9,6.21477,6.57686,3.95583,1.35915,0.0304361,1,0,0,0,0,0,0,0,0,0
15,0.36,0.689812,250,0,12.589,2,32,3,1.72424,0.41931,0,10.0548,1.00505,1.06361,50,10,6.21477,6.57686,3.95583,1.35915,0.0150432,1,0,0,0,0,0,0,0,0,0
16,0.36,0.689812,250,0,12.589,2,33,3,1.72424,0.41931,0,10.0548,1.00505,1.06361,50,10,6.21477,6.57686,3.95583,1.35915,0.00186487,1,0,0,0,0,0,0,0,0,0
17,0.36,0.689812,250,0,12.589,2,33,3,1.72424,0.41931,0,10.0548,1.00505,1.06361,50,11,6.21477,6.57686,3.95583,1.35915,0.00186487,0,0,0,0,0,0,0,0,0,0
 
1,0,0,0,0,12.589,0,0,0,0,0,0,0,0,0,0,0,0,0,0,0,0,0,0,0,0,0,0,0,0,0,0
2,0,0.689812,0,0,12.589,0,0,0,0,0,0,0,0,0,0,0,0,0,0,0,0,0,0,0,0,0,0,0,0,0,0
3,0,0.689812,250,0,12.589,0,0,0,0,0,0,0,0,0,0,0,0,0,0,0,0,0,0,0,0,0,0,0,0,0,0
4,0.38,0.689812,250,0,12.589,2,20,3,1.7962,0.436809,0,10.1882,1.00563,1.07087,50,11,6.21477,6.57686,3.95583,1.35915,0.00186487,0,0,0,0,0,0,0,0,0,0
5,0.38,0.689812,250,0,12.589,2,20,3,1.7962,0.436809,0,10.1882,1.00563,1.07087,50,0,6.17261,6.57308,4.16664,1.40829,0,1,0,0,0,0,0,0,0,0,0
6,0.38,0.689812,250,0,12.589,2,23,3,1.7962,0.436809,0,10.1882,1.00563,1.07087,50,1,6.17261,6.57308,4.16664,1.40829,0.227734,1,0,0,0,0,0,0,0,0,0
7,0.38,0.689812,250,0,12.589,2,24,3,1.7962,0.436809,0,10.1882,1.00563,1.07087,50,2,6.17261,6.57308,4.16664,1.40829,0.197852,1,0,0,0,0,0,0,0,0,0
8,0.38,0.689812,250,0,12.589,2,25,3,1.7962,0.436809,0,10.1882,1.00563,1.07087,50,3,6.17261,6.57308,4.16664,1.40829,0.168929,1,0,0,0,0,0,0,0,0,0
9,0.38,0.689812,250,0,12.589,2,26,3,1.7962,0.436809,0,10.1882,1.00563,1.07087,50,4,6.17261,6.57308,4.16664,1.40829,0.141209,1,0,0,0,0,0,0,0,0,0
10,0.38,0.689812,250,0,12.589,2,27,3,1.7962,0.436809,0,10.1882,1.00563,1.07087,50,5,6.17261,6.57308,4.16664,1.40829,0.114955,1,0,0,0,0,0,0,0,0,0
11,0.38,0.689812,250,0,12.589,2,28,3,1.7962,0.436809,0,10.1882,1.00563,1.07087,50,6,6.17261,6.57308,4.16664,1.40829,0.0904212,1,0,0,0,0,0,0,0,0,0
12,0.38,0.689812,250,0,12.589,2,29,3,1.7962,0.436809,0,10.1882,1.00563,1.07087,50,7,6.17261,6.57308,4.16664,1.40829,0.0678289,1,0,0,0,0,0,0,0,0,0
13,0.38,0.689812,250,0,12.589,2,30,3,1.7962,0.436809,0,10.1882,1.00563,1.07087,50,8,6.17261,6.57308,4.16664,1.40829,0.0473552,1,0,0,0,0,0,0,0,0,0
14,0.38,0.689812,250,0,12.589,2,31,3,1.7962,0.436809,0,10.1882,1.00563,1.07087,50,9,6.17261,6.57308,4.16664,1.40829,0.0291205,1,0,0,0,0,0,0,0,0,0
15,0.38,0.689812,250,0,12.589,2,32,3,1.7962,0.436809,0,10.1882,1.00563,1.07087,50,10,6.17261,6.57308,4.16664,1.40829,0.0131845,1,0,0,0,0,0,0,0,0,0
16,0.38,0.689812,250,0,12.589,2,33,3,1.7962,0.436809,0,10.1882,1.00563,1.07087,50,10,6.17261,6.57308,4.16664,1.40829,-0.000451671,1,0,0,0,0,0,0,0,0,0
17,0.38,0.689812,250,0,12.589,2,33,3,1.7962,0.436809,0,10.1882,1.00563,1.07087,50,11,6.17261,6.57308,4.16664,1.40829,-0.000451671,0,0,0,0,0,0,0,0,0,0
 
1,0,0,0,0,12.589,0,0,0,0,0,0,0,0,0,0,0,0,0,0,0,0,0,0,0,0,0,0,0,0,0,0
2,0,0.689812,0,0,12.589,0,0,0,0,0,0,0,0,0,0,0,0,0,0,0,0,0,0,0,0,0,0,0,0,0,0
3,0,0.689812,250,0,12.589,0,0,0,0,0,0,0,0,0,0,0,0,0,0,0,0,0,0,0,0,0,0,0,0,0,0
4,0.4,0.689812,250,0,12.589,2,20,3,1.86978,0.454703,0,10.3024,1.00624,1.07853,50,11,6.17261,6.57308,4.16664,1.40829,-0.000451671,0,0,0,0,0,0,0,0,0,0
5,0.4,0.689812,250,0,12.589,2,20,3,1.86978,0.454703,0,10.3024,1.00624,1.07853,50,0,6.12879,6.56911,4.37789,1.45829,0,1,0,0,0,0,0,0,0,0,0
6,0.4,0.689812,250,0,12.589,2,23,3,1.86978,0.454703,0,10.3024,1.00624,1.07853,50,1,6.12879,6.56911,4.37789,1.45829,0.232557,1,0,0,0,0,0,0,0,0,0
7,0.4,0.689812,250,0,12.589,2,24,3,1.86978,0.454703,0,10.3024,1.00624,1.07853,50,2,6.12879,6.56911,4.37789,1.45829,0.201993,1,0,0,0,0,0,0,0,0,0
8,0.4,0.689812,250,0,12.589,2,25,3,1.86978,0.454703,0,10.3024,1.00624,1.07853,50,3,6.12879,6.56911,4.37789,1.45829,0.172305,1,0,0,0,0,0,0,0,0,0
9,0.4,0.689812,250,0,12.589,2,26,3,1.86978,0.454703,0,10.3024,1.00624,1.07853,50,4,6.12879,6.56911,4.37789,1.45829,0.143765,1,0,0,0,0,0,0,0,0,0
10,0.4,0.689812,250,0,12.589,2,27,3,1.86978,0.454703,0,10.3024,1.00624,1.07853,50,5,6.12879,6.56911,4.37789,1.45829,0.116661,1,0,0,0,0,0,0,0,0,0
11,0.4,0.689812,250,0,12.589,2,28,3,1.86978,0.454703,0,10.3024,1.00624,1.07853,50,6,6.12879,6.56911,4.37789,1.45829,0.0912744,1,0,0,0,0,0,0,0,0,0
12,0.4,0.689812,250,0,12.589,2,29,3,1.86978,0.454703,0,10.3024,1.00624,1.07853,50,7,6.12879,6.56911,4.37789,1.45829,0.0678554,1,0,0,0,0,0,0,0,0,0
13,0.4,0.689812,250,0,12.589,2,30,3,1.86978,0.454703,0,10.3024,1.00624,1.07853,50,8,6.12879,6.56911,4.37789,1.45829,0.0466049,1,0,0,0,0,0,0,0,0,0
14,0.4,0.689812,250,0,12.589,2,31,3,1.86978,0.454703,0,10.3024,1.00624,1.07853,50,9,6.12879,6.56911,4.37789,1.45829,0.0276633,1,0,0,0,0,0,0,0,0,0
15,0.4,0.689812,250,0,12.589,2,32,3,1.86978,0.454703,0,10.3024,1.00624,1.07853,50,10,6.12879,6.56911,4.37789,1.45829,0.011106,1,0,0,0,0,0,0,0,0,0
16,0.4,0.689812,250,0,12.589,2,32,3,1.86978,0.454703,0,10.3024,1.00624,1.07853,50,10,6.12879,6.56911,4.37789,1.45829,-0.0038717,1,0,0,0,0,0,0,0,0,0
17,0.4,0.689812,250,0,12.589,2,32,3,1.86978,0.454703,0,10.3024,1.00624,1.07853,50,11,6.12879,6.56911,4.37789,1.45829,-0.0038717,0,0,0,0,0,0,0,0,0,0
 
1,0,0,0,0,12.589,0,0,0,0,0,0,0,0,0,0,0,0,0,0,0,0,0,0,0,0,0,0,0,0,0,0
2,0,0.689812,0,0,12.589,0,0,0,0,0,0,0,0,0,0,0,0,0,0,0,0,0,0,0,0,0,0,0,0,0,0
3,0,0.689812,250,0,12.589,0,0,0,0,0,0,0,0,0,0,0,0,0,0,0,0,0,0,0,0,0,0,0,0,0,0
4,0.42,0.689812,250,0,12.589,2,20,3,1.94501,0.472999,0,10.3991,1.00688,1.08658,50,11,6.12879,6.56911,4.37789,1.45829,-0.0038717,0,0,0,0,0,0,0,0,0,0
5,0.42,0.689812,250,0,12.589,2,20,3,1.94501,0.472999,0,10.3991,1.00688,1.08658,50,0,6.08339,6.56494,4.5895,1.50906,0,1,0,0,0,0,0,0,0,0,0
6,0.42,0.689812,250,0,12.589,2,23,3,1.94501,0.472999,0,10.3991,1.00688,1.08658,50,1,6.08339,6.56494,4.5895,1.50906,0.23805,1,0,0,0,0,0,0,0,0,0
7,0.42,0.689812,250,0,12.589,2,24,3,1.94501,0.472999,0,10.3991,1.00688,1.08658,50,2,6.08339,6.56494,4.5895,1.50906,0.206726,1,0,0,0,0,0,0,0,0,0
8,0.42,0.689812,250,0,12.589,2,25,3,1.94501,0.472999,0,10.3991,1.00688,1.08658,50,3,6.08339,6.56494,4.5895,1.50906,0.176183,1,0,0,0,0,0,0,0,0,0
9,0.42,0.689812,250,0,12.589,2,26,3,1.94501,0.472999,0,10.3991,1.00688,1.08658,50,4,6.08339,6.56494,4.5895,1.50906,0.146718,1,0,0,0,0,0,0,0,0,0
10,0.42,0.689812,250,0,12.589,2,27,3,1.94501,0.472999,0,10.3991,1.00688,1.08658,50,5,6.08339,6.56494,4.5895,1.50906,0.118652,1,0,0,0,0,0,0,0,0,0
11,0.42,0.689812,250,0,12.589,2,28,3,1.94501,0.472999,0,10.3991,1.00688,1.08658,50,6,6.08339,6.56494,4.5895,1.50906,0.0922975,1,0,0,0,0,0,0,0,0,0
12,0.42,0.689812,250,0,12.589,2,29,3,1.94501,0.472999,0,10.3991,1.00688,1.08658,50,7,6.08339,6.56494,4.5895,1.50906,0.0679365,1,0,0,0,0,0,0,0,0,0
13,0.42,0.689812,250,0,12.589,2,30,3,1.94501,0.472999,0,10.3991,1.00688,1.08658,50,8,6.08339,6.56494,4.5895,1.50906,0.045798,1,0,0,0,0,0,0,0,0,0
14,0.42,0.689812,250,0,12.589,2,31,3,1.94501,0.472999,0,10.3991,1.00688,1.08658,50,9,6.08339,6.56494,4.5895,1.50906,0.0260463,1,0,0,0,0,0,0,0,0,0
15,0.42,0.689812,250,0,12.589,2,32,3,1.94501,0.472999,0,10.3991,1.00688,1.08658,50,9,6.08339,6.56494,4.5895,1.50906,0.00877487,1,0,0,0,0,0,0,0,0,0
16,0.42,0.689812,250,0,12.589,2,32,3,1.94501,0.472999,0,10.3991,1.00688,1.08658,50,10,6.08339,6.56494,4.5895,1.50906,0.00877487,0,0,0,0,0,0,0,0,0,0
 
1,0,0,0,0,12.589,0,0,0,0,0,0,0,0,0,0,0,0,0,0,0,0,0,0,0,0,0,0,0,0,0,0
2,0,0.689812,0,0,12.589,0,0,0,0,0,0,0,0,0,0,0,0,0,0,0,0,0,0,0,0,0,0,0,0,0,0
3,0,0.689812,250,0,12.589,0,0,0,0,0,0,0,0,0,0,0,0,0,0,0,0,0,0,0,0,0,0,0,0,0,0
4,0.44,0.689812,250,0,12.589,2,20,3,2.02193,0.491704,0,10.4799,1.00755,1.09502,50,10,6.08339,6.56494,4.5895,1.50906,0.00877487,0,0,0,0,0,0,0,0,0,0
5,0.44,0.689812,250,0,12.589,2,20,3,2.02193,0.491704,0,10.4799,1.00755,1.09502,50,0,6.03649,6.56057,4.80143,1.56055,0,1,0,0,0,0,0,0,0,0,0
6,0.44,0.689812,250,0,12.589,2,23,3,2.02193,0.491704,0,10.4799,1.00755,1.09502,50,1,6.03649,6.56057,4.80143,1.56055,0.244329,1,0,0,0,0,0,0,0,0,0
7,0.44,0.689812,250,0,12.589,2,24,3,2.02193,0.491704,0,10.4799,1.00755,1.09502,50,2,6.03649,6.56057,4.80143,1.56055,0.212161,1,0,0,0,0,0,0,0,0,0
8,0.44,0.689812,250,0,12.589,2,25,3,2.02193,0.491704,0,10.4799,1.00755,1.09502,50,3,6.03649,6.56057,4.80143,1.56055,0.180657,1,0,0,0,0,0,0,0,0,0
9,0.44,0.689812,250,0,12.589,2,26,3,2.02193,0.491704,0,10.4799,1.00755,1.09502,50,4,6.03649,6.56057,4.80143,1.56055,0.150147,1,0,0,0,0,0,0,0,0,0
10,0.44,0.689812,250,0,12.589,2,27,3,2.02193,0.491704,0,10.4799,1.00755,1.09502,50,5,6.03649,6.56057,4.80143,1.56055,0.120988,1,0,0,0,0,0,0,0,0,0
11,0.44,0.689812,250,0,12.589,2,28,3,2.02193,0.491704,0,10.4799,1.00755,1.09502,50,6,6.03649,6.56057,4.80143,1.56055,0.0935294,1,0,0,0,0,0,0,0,0,0
12,0.44,0.689812,250,0,12.589,2,29,3,2.02193,0.491704,0,10.4799,1.00755,1.09502,50,7,6.03649,6.56057,4.80143,1.56055,0.0680901,1,0,0,0,0,0,0,0,0,0
13,0.44,0.689812,250,0,12.589,2,30,3,2.02193,0.491704,0,10.4799,1.00755,1.09502,50,8,6.03649,6.56057,4.80143,1.56055,0.0449319,1,0,0,0,0,0,0,0,0,0
14,0.44,0.689812,250,0,12.589,2,31,3,2.02193,0.491704,0,10.4799,1.00755,1.09502,50,9,6.03649,6.56057,4.80143,1.56055,0.0242471,1,0,0,0,0,0,0,0,0,0
15,0.44,0.689812,250,0,12.589,2,32,3,2.02193,0.491704,0,10.4799,1.00755,1.09502,50,9,6.03649,6.56057,4.80143,1.56055,0.00615091,1,0,0,0,0,0,0,0,0,0
16,0.44,0.689812,250,0,12.589,2,32,3,2.02193,0.491704,0,10.4799,1.00755,1.09502,50,10,6.03649,6.56057,4.80143,1.56055,0.00615091,0,0,0,0,0,0,0,0,0,0
 
1,0,0,0,0,12.589,0,0,0,0,0,0,0,0,0,0,0,0,0,0,0,0,0,0,0,0,0,0,0,0,0,0
2,0,0.689812,0,0,12.589,0,0,0,0,0,0,0,0,0,0,0,0,0,0,0,0,0,0,0,0,0,0,0,0,0,0
3,0,0.689812,250,0,12.589,0,0,0,0,0,0,0,0,0,0,0,0,0,0,0,0,0,0,0,0,0,0,0,0,0,0
4,0.46,0.689812,250,0,12.589,2,20,3,2.10057,0.510826,0,10.5461,1.00825,1.10386,50,10,6.03649,6.56057,4.80143,1.56055,0.00615091,0,0,0,0,0,0,0,0,0,0
5,0.46,0.689812,250,0,12.589,2,20,3,2.10057,0.510826,0,10.5461,1.00825,1.10386,50,0,5.98817,6.556,5.01364,1.61266,0,1,0,0,0,0,0,0,0,0,0
6,0.46,0.689812,250,0,12.589,2,23,3,2.10057,0.510826,0,10.5461,1.00825,1.10386,50,1,5.98817,6.556,5.01364,1.61266,0.251544,1,0,0,0,0,0,0,0,0,0
7,0.46,0.689812,250,0,12.589,2,24,3,2.10057,0.510826,0,10.5461,1.00825,1.10386,50,2,5.98817,6.556,5.01364,1.61266,0.218431,1,0,0,0,0,0,0,0,0,0
8,0.46,0.689812,250,0,12.589,2,25,3,2.10057,0.510826,0,10.5461,1.00825,1.10386,50,3,5.98817,6.556,5.01364,1.61266,0.185844,1,0,0,0,0,0,0,0,0,0
9,0.46,0.689812,250,0,12.589,2,26,3,2.10057,0.510826,0,10.5461,1.00825,1.10386,50,4,5.98817,6.556,5.01364,1.61266,0.15415,1,0,0,0,0,0,0,0,0,0
10,0.46,0.689812,250,0,12.589,2,27,3,2.10057,0.510826,0,10.5461,1.00825,1.10386,50,5,5.98817,6.556,5.01364,1.61266,0.123743,1,0,0,0,0,0,0,0,0,0
11,0.46,0.689812,250,0,12.589,2,28,3,2.10057,0.510826,0,10.5461,1.00825,1.10386,50,6,5.98817,6.556,5.01364,1.61266,0.09502,1,0,0,0,0,0,0,0,0,0
12,0.46,0.689812,250,0,12.589,2,29,3,2.10057,0.510826,0,10.5461,1.00825,1.10386,50,7,5.98817,6.556,5.01364,1.61266,0.0683399,1,0,0,0,0,0,0,0,0,0
13,0.46,0.689812,250,0,12.589,2,30,3,2.10057,0.510826,0,10.5461,1.00825,1.10386,50,8,5.98817,6.556,5.01364,1.61266,0.0440044,1,0,0,0,0,0,0,0,0,0
14,0.46,0.689812,250,0,12.589,2,31,3,2.10057,0.510826,0,10.5461,1.00825,1.10386,50,9,5.98817,6.556,5.01364,1.61266,0.0222387,1,0,0,0,0,0,0,0,0,0
15,0.46,0.689812,250,0,12.589,2,32,3,2.10057,0.510826,0,10.5461,1.00825,1.10386,50,9,5.98817,6.556,5.01364,1.61266,0.00318391,1,0,0,0,0,0,0,0,0,0
16,0.46,0.689812,250,0,12.589,2,32,3,2.10057,0.510826,0,10.5461,1.00825,1.10386,50,10,5.98817,6.556,5.01364,1.61266,0.00318391,0,0,0,0,0,0,0,0,0,0
 
1,0,0,0,0,12.589,0,0,0,0,0,0,0,0,0,0,0,0,0,0,0,0,0,0,0,0,0,0,0,0,0,0
2,0,0.689812,0,0,12.589,0,0,0,0,0,0,0,0,0,0,0,0,0,0,0,0,0,0,0,0,0,0,0,0,0,0
3,0,0.689812,250,0,12.589,0,0,0,0,0,0,0,0,0,0,0,0,0,0,0,0,0,0,0,0,0,0,0,0,0,0
4,0.48,0.689812,250,0,12.589,2,20,3,2.18095,0.530374,0,10.599,1.00898,1.11308,50,10,5.98817,6.556,5.01364,1.61266,0.00318391,0,0,0,0,0,0,0,0,0,0
5,0.48,0.689812,250,0,12.589,2,20,3,2.18095,0.530374,0,10.599,1.00898,1.11308,50,0,5.93853,6.55124,5.2261,1.66536,0,1,0,0,0,0,0,0,0,0,0
6,0.48,0.689812,250,0,12.589,2,23,3,2.18095,0.530374,0,10.599,1.00898,1.11308,50,1,5.93853,6.55124,5.2261,1.66536,0.259878,1,0,0,0,0,0,0,0,0,0
7,0.48,0.689812,250,0,12.589,2,24,3,2.18095,0.530374,0,10.599,1.00898,1.11308,50,2,5.93853,6.55124,5.2261,1.66536,0.225708,1,0,0,0,0,0,0,0,0,0
8,0.48,0.689812,250,0,12.589,2,25,3,2.18095,0.530374,0,10.599,1.00898,1.11308,50,3,5.93853,6.55124,5.2261,1.66536,0.191898,1,0,0,0,0,0,0,0,0,0
9,0.48,0.689812,250,0,12.589,2,26,3,2.18095,0.530374,0,10.599,1.00898,1.11308,50,4,5.93853,6.55124,5.2261,1.66536,0.158853,1,0,0,0,0,0,0,0,0,0
10,0.48,0.689812,250,0,12.589,2,27,3,2.18095,0.530374,0,10.599,1.00898,1.11308,50,5,5.93853,6.55124,5.2261,1.66536,0.127016,1,0,0,0,0,0,0,0,0,0
11,0.48,0.689812,250,0,12.589,2,28,3,2.18095,0.530374,0,10.599,1.00898,1.11308,50,6,5.93853,6.55124,5.2261,1.66536,0.0968343,1,0,0,0,0,0,0,0,0,0
12,0.48,0.689812,250,0,12.589,2,29,3,2.18095,0.530374,0,10.599,1.00898,1.11308,50,7,5.93853,6.55124,5.2261,1.66536,0.0687175,1,0,0,0,0,0,0,0,0,0
13,0.48,0.689812,250,0,12.589,2,30,3,2.18095,0.530374,0,10.599,1.00898,1.11308,50,8,5.93853,6.55124,5.2261,1.66536,0.0430136,1,0,0,0,0,0,0,0,0,0
14,0.48,0.689812,250,0,12.589,2,31,3,2.18095,0.530374,0,10.599,1.00898,1.11308,50,9,5.93853,6.55124,5.2261,1.66536,0.0199873,1,0,0,0,0,0,0,0,0,0
15,0.48,0.689812,250,0,12.589,2,32,3,2.18095,0.530374,0,10.599,1.00898,1.11308,50,9,5.93853,6.55124,5.2261,1.66536,-0.000189353,1,0,0,0,0,0,0,0,0,0
16,0.48,0.689812,250,0,12.589,2,32,3,2.18095,0.530374,0,10.599,1.00898,1.11308,50,10,5.93853,6.55124,5.2261,1.66536,-0.000189353,0,0,0,0,0,0,0,0,0,0
 
1,0,0,0,0,12.589,0,0,0,0,0,0,0,0,0,0,0,0,0,0,0,0,0,0,0,0,0,0,0,0,0,0
2,0,0.689812,0,0,12.589,0,0,0,0,0,0,0,0,0,0,0,0,0,0,0,0,0,0,0,0,0,0,0,0,0,0
3,0,0.689812,250,0,12.589,0,0,0,0,0,0,0,0,0,0,0,0,0,0,0,0,0,0,0,0,0,0,0,0,0,0
4,0.5,0.689812,250,0,12.589,2,20,3,2.26311,0.550354,0,10.6398,1.00975,1.1227,50,10,5.93853,6.55124,5.2261,1.66536,-0.000189353,0,0,0,0,0,0,0,0,0,0
5,0.5,0.689812,250,0,12.589,2,20,3,2.26311,0.550354,0,10.6398,1.00975,1.1227,50,0,5.88765,6.54628,5.43878,1.71857,0,1,0,0,0,0,0,0,0,0,0
6,0.5,0.689812,250,0,12.589,2,23,3,2.26311,0.550354,0,10.6398,1.00975,1.1227,50,1,5.88765,6.54628,5.43878,1.71857,0.269571,1,0,0,0,0,0,0,0,0,0
7,0.5,0.689812,250,0,12.589,2,24,3,2.26311,0.550354,0,10.6398,1.00975,1.1227,50,2,5.88765,6.54628,5.43878,1.71857,0.234214,1,0,0,0,0,0,0,0,0,0
8,0.5,0.689812,250,0,12.589,2,25,3,2.26311,0.550354,0,10.6398,1.00975,1.1227,50,3,5.88765,6.54628,5.43878,1.71857,0.199014,1,0,0,0,0,0,0,0,0,0
9,0.5,0.689812,250,0,12.589,2,26,3,2.26311,0.550354,0,10.6398,1.00975,1.1227,50,4,5.88765,6.54628,5.43878,1.71857,0.16442,1,0,0,0,0,0,0,0,0,0
10,0.5,0.689812,250,0,12.589,2,27,3,2.26311,0.550354,0,10.6398,1.00975,1.1227,50,5,5.88765,6.54628,5.43878,1.71857,0.130933,1,0,0,0,0,0,0,0,0,0
11,0.5,0.689812,250,0,12.589,2,28,3,2.26311,0.550354,0,10.6398,1.00975,1.1227,50,6,5.88765,6.54628,5.43878,1.71857,0.0990576,1,0,0,0,0,0,0,0,0,0
12,0.5,0.689812,250,0,12.589,2,29,3,2.26311,0.550354,0,10.6398,1.00975,1.1227,50,7,5.88765,6.54628,5.43878,1.71857,0.0692652,1,0,0,0,0,0,0,0,0,0
13,0.5,0.689812,250,0,12.589,2,30,3,2.26311,0.550354,0,10.6398,1.00975,1.1227,50,8,5.88765,6.54628,5.43878,1.71857,0.0419588,1,0,0,0,0,0,0,0,0,0
14,0.5,0.689812,250,0,12.589,2,31,3,2.26311,0.550354,0,10.6398,1.00975,1.1227,50,9,5.88765,6.54628,5.43878,1.71857,0.0174506,1,0,0,0,0,0,0,0,0,0
15,0.5,0.689812,250,0,12.589,2,31,3,2.26311,0.550354,0,10.6398,1.00975,1.1227,50,9,5.88765,6.54628,5.43878,1.71857,-0.00618353,1,0,0,0,0,0,0,0,0,0
16,0.5,0.689812,250,0,12.589,2,31,3,2.26311,0.550354,0,10.6398,1.00975,1.1227,50,10,5.88765,6.54628,5.43878,1.71857,-0.00618353,0,0,0,0,0,0,0,0,0,0
 
1,0,0,0,0,12.589,0,0,0,0,0,0,0,0,0,0,0,0,0,0,0,0,0,0,0,0,0,0,0,0,0,0
2,0,0.689812,0,0,12.589,0,0,0,0,0,0,0,0,0,0,0,0,0,0,0,0,0,0,0,0,0,0,0,0,0,0
3,0,0.689812,250,0,12.589,0,0,0,0,0,0,0,0,0,0,0,0,0,0,0,0,0,0,0,0,0,0,0,0,0,0
4,0.52,0.689812,250,0,12.589,2,20,3,2.34708,0.570775,0,10.6695,1.01054,1.13272,50,10,5.88765,6.54628,5.43878,1.71857,-0.00618353,0,0,0,0,0,0,0,0,0,0
5,0.52,0.689812,250,0,12.589,2,20,3,2.34708,0.570775,0,10.6695,1.01054,1.13272,50,0,5.8356,6.54113,5.65165,1.77227,0,1,0,0,0,0,0,0,0,0,0
6,0.52,0.689812,250,0,12.589,2,23,3,2.34708,0.570775,0,10.6695,1.01054,1.13272,50,1,5.8356,6.54113,5.65165,1.77227,0.280931,1,0,0,0,0,0,0,0,0,0
7,0.52,0.689812,250,0,12.589,2,24,3,2.34708,0.570775,0,10.6695,1.01054,1.13272,50,2,5.8356,6.54113,5.65165,1.77227,0.244237,1,0,0,0,0,0,0,0,0,0
8,0.52,0.689812,250,0,12.589,2,25,3,2.34708,0.570775,0,10.6695,1.01054,1.13272,50,3,5.8356,6.54113,5.65165,1.77227,0.207448,1,0,0,0,0,0,0,0,0,0
9,0.52,0.689812,250,0,12.589,2,26,3,2.34708,0.570775,0,10.6695,1.01054,1.13272,50,4,5.8356,6.54113,5.65165,1.77227,0.171068,1,0,0,0,0,0,0,0,0,0
10,0.52,0.689812,250,0,12.589,2,27,3,2.34708,0.570775,0,10.6695,1.01054,1.13272,50,5,5.8356,6.54113,5.65165,1.77227,0.135661,1,0,0,0,0,0,0,0,0,0
11,0.52,0.689812,250,0,12.589,2,28,3,2.34708,0.570775,0,10.6695,1.01054,1.13272,50,6,5.8356,6.54113,5.65165,1.77227,0.101805,1,0,0,0,0,0,0,0,0,0
12,0.52,0.689812,250,0,12.589,2,29,3,2.34708,0.570775,0,10.6695,1.01054,1.13272,50,7,5.8356,6.54113,5.65165,1.77227,0.0700411,1,0,0,0,0,0,0,0,0,0
13,0.52,0.689812,250,0,12.589,2,30,3,2.34708,0.570775,0,10.6695,1.01054,1.13272,50,8,5.8356,6.54113,5.65165,1.77227,0.0408413,1,0,0,0,0,0,0,0,0,0
14,0.52,0.689812,250,0,12.589,2,31,3,2.34708,0.570775,0,10.6695,1.01054,1.13272,50,9,5.8356,6.54113,5.65165,1.77227,0.014575,1,0,0,0,0,0,0,0,0,0
15,0.52,0.689812,250,0,12.589,2,31,3,2.34708,0.570775,0,10.6695,1.01054,1.13272,50,9,5.8356,6.54113,5.65165,1.77227,-0.0100622,1,0,0,0,0,0,0,0,0,0
16,0.52,0.689812,250,0,12.589,2,31,3,2.34708,0.570775,0,10.6695,1.01054,1.13272,50,10,5.8356,6.54113,5.65165,1.77227,-0.0100622,0,0,0,0,0,0,0,0,0,0
 
1,0,0,0,0,12.589,0,0,0,0,0,0,0,0,0,0,0,0,0,0,0,0,0,0,0,0,0,0,0,0,0,0
2,0,0.689812,0,0,12.589,0,0,0,0,0,0,0,0,0,0,0,0,0,0,0,0,0,0,0,0,0,0,0,0,0,0
3,0,0.689812,250,0,12.589,0,0,0,0,0,0,0,0,0,0,0,0,0,0,0,0,0,0,0,0,0,0,0,0,0,0
4,0.54,0.689812,250,0,12.589,2,20,3,2.4329,0.591644,0,10.6891,1.01137,1.14312,50,10,5.8356,6.54113,5.65165,1.77227,-0.0100622,0,0,0,0,0,0,0,0,0,0
5,0.54,0.689812,250,0,12.589,2,20,3,2.4329,0.591644,0,10.6891,1.01137,1.14312,50,0,5.78248,6.53578,5.8647,1.82639,0,1,0,0,0,0,0,0,0,0,0
6,0.54,0.689812,250,0,12.589,2,23,3,2.4329,0.591644,0,10.6891,1.01137,1.14312,50,1,5.78248,6.53578,5.8647,1.82639,0.294365,1,0,0,0,0,0,0,0,0,0
7,0.54,0.689812,250,0,12.589,2,24,3,2.4329,0.591644,0,10.6891,1.01137,1.14312,50,2,5.78248,6.53578,5.8647,1.82639,0.256158,1,0,0,0,0,0,0,0,0,0
8,0.54,0.689812,250,0,12.589,2,25,3,2.4329,0.591644,0,10.6891,1.01137,1.14312,50,3,5.78248,6.53578,5.8647,1.82639,0.217544,1,0,0,0,0,0,0,0,0,0
9,0.54,0.689812,250,0,12.589,2,26,3,2.4329,0.591644,0,10.6891,1.01137,1.14312,50,4,5.78248,6.53578,5.8647,1.82639,0.179087,1,0,0,0,0,0,0,0,0,0
10,0.54,0.689812,250,0,12.589,2,27,3,2.4329,0.591644,0,10.6891,1.01137,1.14312,50,5,5.78248,6.53578,5.8647,1.82639,0.141428,1,0,0,0,0,0,0,0,0,0
11,0.54,0.689812,250,0,12.589,2,28,3,2.4329,0.591644,0,10.6891,1.01137,1.14312,50,6,5.78248,6.53578,5.8647,1.82639,0.105231,1,0,0,0,0,0,0,0,0,0
12,0.54,0.689812,250,0,12.589,2,29,3,2.4329,0.591644,0,10.6891,1.01137,1.14312,50,7,5.78248,6.53578,5.8647,1.82639,0.0711261,1,0,0,0,0,0,0,0,0,0
13,0.54,0.689812,250,0,12.589,2,30,3,2.4329,0.591644,0,10.6891,1.01137,1.14312,50,8,5.78248,6.53578,5.8647,1.82639,0.0396656,1,0,0,0,0,0,0,0,0,0
14,0.54,0.689812,250,0,12.589,2,31,3,2.4329,0.591644,0,10.6891,1.01137,1.14312,50,9,5.78248,6.53578,5.8647,1.82639,0.0112911,1,0,0,0,0,0,0,0,0,0
15,0.54,0.689812,250,0,12.589,2,31,3,2.4329,0.591644,0,10.6891,1.01137,1.14312,50,9,5.78248,6.53578,5.8647,1.82639,-0.0143444,1,0,0,0,0,0,0,0,0,0
16,0.54,0.689812,250,0,12.589,2,31,3,2.4329,0.591644,0,10.6891,1.01137,1.14312,50,10,5.78248,6.53578,5.8647,1.82639,-0.0143444,0,0,0,0,0,0,0,0,0,0
 
1,0,0,0,0,12.589,0,0,0,0,0,0,0,0,0,0,0,0,0,0,0,0,0,0,0,0,0,0,0,0,0,0
2,0,0.689812,0,0,12.589,0,0,0,0,0,0,0,0,0,0,0,0,0,0,0,0,0,0,0,0,0,0,0,0,0,0
3,0,0.689812,250,0,12.589,0,0,0,0,0,0,0,0,0,0,0,0,0,0,0,0,0,0,0,0,0,0,0,0,0,0
4,0.56,0.689812,250,0,12.589,2,20,3,2.52059,0.612971,0,10.6993,1.01223,1.15392,50,10,5.78248,6.53578,5.8647,1.82639,-0.0143444,0,0,0,0,0,0,0,0,0,0
5,0.56,0.689812,250,0,12.589,2,20,3,2.52059,0.612971,0,10.6993,1.01223,1.15392,50,0,5.72837,6.53024,6.07791,1.88092,0,1,0,0,0,0,0,0,0,0,0
6,0.56,0.689812,250,0,12.589,2,23,3,2.52059,0.612971,0,10.6993,1.01223,1.15392,50,1,5.72837,6.53024,6.07791,1.88092,0.31042,1,0,0,0,0,0,0,0,0,0
7,0.56,0.689812,250,0,12.589,2,24,3,2.52059,0.612971,0,10.6993,1.01223,1.15392,50,2,5.72837,6.53024,6.07791,1.88092,0.270496,1,0,0,0,0,0,0,0,0,0
8,0.56,0.689812,250,0,12.589,2,25,3,2.52059,0.612971,0,10.6993,1.01223,1.15392,50,3,5.72837,6.53024,6.07791,1.88092,0.22977,1,0,0,0,0,0,0,0,0,0
9,0.56,0.689812,250,0,12.589,2,26,3,2.52059,0.612971,0,10.6993,1.01223,1.15392,50,4,5.72837,6.53024,6.07791,1.88092,0.188876,1,0,0,0,0,0,0,0,0,0
10,0.56,0.689812,250,0,12.589,2,27,3,2.52059,0.612971,0,10.6993,1.01223,1.15392,50,5,5.72837,6.53024,6.07791,1.88092,0.148549,1,0,0,0,0,0,0,0,0,0
11,0.56,0.689812,250,0,12.589,2,28,3,2.52059,0.612971,0,10.6993,1.01223,1.15392,50,6,5.72837,6.53024,6.07791,1.88092,0.109555,1,0,0,0,0,0,0,0,0,0
12,0.56,0.689812,250,0,12.589,2,29,3,2.52059,0.612971,0,10.6993,1.01223,1.15392,50,7,5.72837,6.53024,6.07791,1.88092,0.0726348,1,0,0,0,0,0,0,0,0,0
13,0.56,0.689812,250,0,12.589,2,30,3,2.52059,0.612971,0,10.6993,1.01223,1.15392,50,8,5.72837,6.53024,6.07791,1.88092,0.0384422,1,0,0,0,0,0,0,0,0,0
14,0.56,0.689812,250,0,12.589,2,31,3,2.52059,0.612971,0,10.6993,1.01223,1.15392,50,8,5.72837,6.53024,6.07791,1.88092,0.00750732,1,0,0,0,0,0,0,0,0,0
15,0.56,0.689812,250,0,12.589,2,31,3,2.52059,0.612971,0,10.6993,1.01223,1.15392,50,9,5.72837,6.53024,6.07791,1.88092,0.00750732,0,0,0,0,0,0,0,0,0,0
 
1,0,0,0,0,12.589,0,0,0,0,0,0,0,0,0,0,0,0,0,0,0,0,0,0,0,0,0,0,0,0,0,0
2,0,0.689812,0,0,12.589,0,0,0,0,0,0,0,0,0,0,0,0,0,0,0,0,0,0,0,0,0,0,0,0,0,0
3,0,0.689812,250,0,12.589,0,0,0,0,0,0,0,0,0,0,0,0,0,0,0,0,0,0,0,0,0,0,0,0,0,0
4,0.58,0.689812,250,0,12.589,2,20,3,2.61021,0.634763,0,10.701,1.01312,1.16511,50,9,5.72837,6.53024,6.07791,1.88092,0.00750732,0,0,0,0,0,0,0,0,0,0
5,0.58,0.689812,250,0,12.589,2,20,3,2.61021,0.634763,0,10.701,1.01312,1.16511,50,0,5.67335,6.52451,6.29125,1.9358,0,1,0,0,0,0,0,0,0,0,0
6,0.58,0.689812,250,0,12.589,2,23,3,2.61021,0.634763,0,10.701,1.01312,1.16511,50,1,5.67335,6.52451,6.29125,1.9358,0.329852,1,0,0,0,0,0,0,0,0,0
7,0.58,0.689812,250,0,12.589,2,24,3,2.61021,0.634763,0,10.701,1.01312,1.16511,50,2,5.67335,6.52451,6.29125,1.9358,0.287971,1,0,0,0,0,0,0,0,0,0
8,0.58,0.689812,250,0,12.589,2,25,3,2.61021,0.634763,0,10.701,1.01312,1.16511,50,3,5.67335,6.52451,6.29125,1.9358,0.24478,1,0,0,0,0,0,0,0,0,0
9,0.58,0.689812,250,0,12.589,2,26,3,2.61021,0.634763,0,10.701,1.01312,1.16511,50,4,5.67335,6.52451,6.29125,1.9358,0.200997,1,0,0,0,0,0,0,0,0,0
10,0.58,0.689812,250,0,12.589,2,27,3,2.61021,0.634763,0,10.701,1.01312,1.16511,50,5,5.67335,6.52451,6.29125,1.9358,0.157467,1,0,0,0,0,0,0,0,0,0
11,0.58,0.689812,250,0,12.589,2,28,3,2.61021,0.634763,0,10.701,1.01312,1.16511,50,6,5.67335,6.52451,6.29125,1.9358,0.115088,1,0,0,0,0,0,0,0,0,0
12,0.58,0.689812,250,0,12.589,2,29,3,2.61021,0.634763,0,10.701,1.01312,1.16511,50,7,5.67335,6.52451,6.29125,1.9358,0.0747346,1,0,0,0,0,0,0,0,0,0
13,0.58,0.689812,250,0,12.589,2,30,3,2.61021,0.634763,0,10.701,1.01312,1.16511,50,8,5.67335,6.52451,6.29125,1.9358,0.0371914,1,0,0,0,0,0,0,0,0,0
14,0.58,0.689812,250,0,12.589,2,31,3,2.61021,0.634763,0,10.701,1.01312,1.16511,50,8,5.67335,6.52451,6.29125,1.9358,0.00310014,1,0,0,0,0,0,0,0,0,0
15,0.58,0.689812,250,0,12.589,2,31,3,2.61021,0.634763,0,10.701,1.01312,1.16511,50,9,5.67335,6.52451,6.29125,1.9358,0.00310014,0,0,0,0,0,0,0,0,0,0
 
1,0,0,0,0,12.589,0,0,0,0,0,0,0,0,0,0,0,0,0,0,0,0,0,0,0,0,0,0,0,0,0,0
2,0,0.689812,0,0,12.589,0,0,0,0,0,0,0,0,0,0,0,0,0,0,0,0,0,0,0,0,0,0,0,0,0,0
3,0,0.689812,250,0,12.589,0,0,0,0,0,0,0,0,0,0,0,0,0,0,0,0,0,0,0,0,0,0,0,0,0,0
4,0.6,0.689812,250,0,12.589,2,20,3,2.70176,0.657029,0,10.6948,1.01404,1.17669,50,9,5.67335,6.52451,6.29125,1.9358,0.00310014,0,0,0,0,0,0,0,0,0,0
5,0.6,0.689812,250,0,12.589,2,20,3,2.70176,0.657029,0,10.6948,1.01404,1.17669,50,0,5.61751,6.51859,6.50473,1.99102,0,1,0,0,0,0,0,0,0,0,0
6,0.6,0.689812,250,0,12.589,2,23,3,2.70176,0.657029,0,10.6948,1.01404,1.17669,50,1,5.61751,6.51859,6.50473,1.99102,0.353727,1,0,0,0,0,0,0,0,0,0
7,0.6,0.689812,250,0,12.589,2,24,3,2.70176,0.657029,0,10.6948,1.01404,1.17669,50,2,5.61751,6.51859,6.50473,1.99102,0.309607,1,0,0,0,0,0,0,0,0,0
8,0.6,0.689812,250,0,12.589,2,25,3,2.70176,0.657029,0,10.6948,1.01404,1.17669,50,3,5.61751,6.51859,6.50473,1.99102,0.263514,1,0,0,0,0,0,0,0,0,0
9,0.6,0.689812,250,0,12.589,2,26,3,2.70176,0.657029,0,10.6948,1.01404,1.17669,50,4,5.61751,6.51859,6.50473,1.99102,0.216261,1,0,0,0,0,0,0,0,0,0
10,0.6,0.689812,250,0,12.589,2,27,3,2.70176,0.657029,0,10.6948,1.01404,1.17669,50,5,5.61751,6.51859,6.50473,1.99102,0.168831,1,0,0,0,0,0,0,0,0,0
11,0.6,0.689812,250,0,12.589,2,28,3,2.70176,0.657029,0,10.6948,1.01404,1.17669,50,6,5.61751,6.51859,6.50473,1.99102,0.122286,1,0,0,0,0,0,0,0,0,0
12,0.6,0.689812,250,0,12.589,2,29,3,2.70176,0.657029,0,10.6948,1.01404,1.17669,50,7,5.61751,6.51859,6.50473,1.99102,0.0776759,1,0,0,0,0,0,0,0,0,0
13,0.6,0.689812,250,0,12.589,2,30,3,2.70176,0.657029,0,10.6948,1.01404,1.17669,50,8,5.61751,6.51859,6.50473,1.99102,0.0359509,1,0,0,0,0,0,0,0,0,0
14,0.6,0.689812,250,0,12.589,2,31,3,2.70176,0.657029,0,10.6948,1.01404,1.17669,50,8,5.61751,6.51859,6.50473,1.99102,-0.00210197,1,0,0,0,0,0,0,0,0,0
15,0.6,0.689812,250,0,12.589,2,31,3,2.70176,0.657029,0,10.6948,1.01404,1.17669,50,9,5.61751,6.51859,6.50473,1.99102,-0.00210197,0,0,0,0,0,0,0,0,0,0
 
1,0,0,0,0,12.589,0,0,0,0,0,0,0,0,0,0,0,0,0,0,0,0,0,0,0,0,0,0,0,0,0,0
2,0,0.689812,0,0,12.589,0,0,0,0,0,0,0,0,0,0,0,0,0,0,0,0,0,0,0,0,0,0,0,0,0,0
3,0,0.689812,250,0,12.589,0,0,0,0,0,0,0,0,0,0,0,0,0,0,0,0,0,0,0,0,0,0,0,0,0,0
4,0.62,0.689812,250,0,12.589,2,20,3,2.79531,0.679776,0,10.6815,1.01499,1.18867,50,9,5.61751,6.51859,6.50473,1.99102,-0.00210197,0,0,0,0,0,0,0,0,0,0
5,0.62,0.689812,250,0,12.589,2,20,3,2.79531,0.679776,0,10.6815,1.01499,1.18867,50,0,5.56091,6.51248,6.71832,2.04655,0,1,0,0,0,0,0,0,0,0,0
6,0.62,0.689812,250,0,12.589,2,23,3,2.79531,0.679776,0,10.6815,1.01499,1.18867,50,1,5.56091,6.51248,6.71832,2.04655,0.3836,1,0,0,0,0,0,0,0,0,0
7,0.62,0.689812,250,0,12.589,2,24,3,2.79531,0.679776,0,10.6815,1.01499,1.18867,50,2,5.56091,6.51248,6.71832,2.04655,0.336918,1,0,0,0,0,0,0,0,0,0
8,0.62,0.689812,250,0,12.589,2,25,3,2.79531,0.679776,0,10.6815,1.01499,1.18867,50,3,5.56091,6.51248,6.71832,2.04655,0.287371,1,0,0,0,0,0,0,0,0,0
9,0.62,0.689812,250,0,12.589,2,26,3,2.79531,0.679776,0,10.6815,1.01499,1.18867,50,4,5.56091,6.51248,6.71832,2.04655,0.235888,1,0,0,0,0,0,0,0,0,0
10,0.62,0.689812,250,0,12.589,2,27,3,2.79531,0.679776,0,10.6815,1.01499,1.18867,50,5,5.56091,6.51248,6.71832,2.04655,0.183621,1,0,0,0,0,0,0,0,0,0
11,0.62,0.689812,250,0,12.589,2,28,3,2.79531,0.679776,0,10.6815,1.01499,1.18867,50,6,5.56091,6.51248,6.71832,2.04655,0.131849,1,0,0,0,0,0,0,0,0,0
12,0.62,0.689812,250,0,12.589,2,29,3,2.79531,0.679776,0,10.6815,1.01499,1.18867,50,7,5.56091,6.51248,6.71832,2.04655,0.0818477,1,0,0,0,0,0,0,0,0,0
13,0.62,0.689812,250,0,12.589,2,30,3,2.79531,0.679776,0,10.6815,1.01499,1.18867,50,8,5.56091,6.51248,6.71832,2.04655,0.0347899,1,0,0,0,0,0,0,0,0,0
14,0.62,0.689812,250,0,12.589,2,30,3,2.79531,0.679776,0,10.6815,1.01499,1.18867,50,8,5.56091,6.51248,6.71832,2.04655,-0.0143489,1,0,0,0,0,0,0,0,0,0
15,0.62,0.689812,250,0,12.589,2,30,3,2.79531,0.679776,0,10.6815,1.01499,1.18867,50,9,5.56091,6.51248,6.71832,2.04655,-0.0143489,0,0,0,0,0,0,0,0,0,0
 
1,0,0,0,0,12.589,0,0,0,0,0,0,0,0,0,0,0,0,0,0,0,0,0,0,0,0,0,0,0,0,0,0
2,0,0.689812,0,0,12.589,0,0,0,0,0,0,0,0,0,0,0,0,0,0,0,0,0,0,0,0,0,0,0,0,0,0
3,0,0.689812,250,0,12.589,0,0,0,0,0,0,0,0,0,0,0,0,0,0,0,0,0,0,0,0,0,0,0,0,0,0
4,0.64,0.689812,250,0,12.589,2,20,3,2.89087,0.703015,0,10.6616,1.01597,1.20104,50,9,5.56091,6.51248,6.71832,2.04655,-0.0143489,0,0,0,0,0,0,0,0,0,0
5,0.64,0.689812,250,0,12.589,2,20,3,2.89087,0.703015,0,10.6616,1.01597,1.20104,50,0,5.50364,6.50619,6.93202,2.10236,0,1,0,0,0,0,0,0,0,0,0
6,0.64,0.689812,250,0,12.589,2,23,3,2.89087,0.703015,0,10.6616,1.01597,1.20104,50,1,5.50364,6.50619,6.93202,2.10236,0.421831,1,0,0,0,0,0,0,0,0,0
7,0.64,0.689812,250,0,12.589,2,24,3,2.89087,0.703015,0,10.6616,1.01597,1.20104,50,2,5.50364,6.50619,6.93202,2.10236,0.372223,1,0,0,0,0,0,0,0,0,0
8,0.64,0.689812,250,0,12.589,2,25,3,2.89087,0.703015,0,10.6616,1.01597,1.20104,50,3,5.50364,6.50619,6.93202,2.10236,0.318522,1,0,0,0,0,0,0,0,0,0
9,0.64,0.689812,250,0,12.589,2,26,3,2.89087,0.703015,0,10.6616,1.01597,1.20104,50,4,5.50364,6.50619,6.93202,2.10236,0.261785,1,0,0,0,0,0,0,0,0,0
10,0.64,0.689812,250,0,12.589,2,27,3,2.89087,0.703015,0,10.6616,1.01597,1.20104,50,5,5.50364,6.50619,6.93202,2.10236,0.203386,1,0,0,0,0,0,0,0,0,0
11,0.64,0.689812,250,0,12.589,2,28,3,2.89087,0.703015,0,10.6616,1.01597,1.20104,50,6,5.50364,6.50619,6.93202,2.10236,0.144888,1,0,0,0,0,0,0,0,0,0
12,0.64,0.689812,250,0,12.589,2,29,3,2.89087,0.703015,0,10.6616,1.01597,1.20104,50,7,5.50364,6.50619,6.93202,2.10236,0.0878797,1,0,0,0,0,0,0,0,0,0
13,0.64,0.689812,250,0,12.589,2,30,3,2.89087,0.703015,0,10.6616,1.01597,1.20104,50,8,5.50364,6.50619,6.93202,2.10236,0.0338363,1,0,0,0,0,0,0,0,0,0
14,0.64,0.689812,250,0,12.589,2,30,3,2.89087,0.703015,0,10.6616,1.01597,1.20104,50,8,5.50364,6.50619,6.93202,2.10236,-0.0201846,1,0,0,0,0,0,0,0,0,0
15,0.64,0.689812,250,0,12.589,2,30,3,2.89087,0.703015,0,10.6616,1.01597,1.20104,50,9,5.50364,6.50619,6.93202,2.10236,-0.0201846,0,0,0,0,0,0,0,0,0,0
 
1,0,0,0,0,12.589,0,0,0,0,0,0,0,0,0,0,0,0,0,0,0,0,0,0,0,0,0,0,0,0,0,0
2,0,0.689812,0,0,12.589,0,0,0,0,0,0,0,0,0,0,0,0,0,0,0,0,0,0,0,0,0,0,0,0,0,0
3,0,0.689812,250,0,12.589,0,0,0,0,0,0,0,0,0,0,0,0,0,0,0,0,0,0,0,0,0,0,0,0,0,0
4,0.66,0.689812,250,0,12.589,2,20,3,2.98848,0.726754,0,10.6356,1.01698,1.2138,50,9,5.50364,6.50619,6.93202,2.10236,-0.0201846,0,0,0,0,0,0,0,0,0,0
5,0.66,0.689812,250,0,12.589,2,20,3,2.98848,0.726754,0,10.6356,1.01698,1.2138,50,0,5.44578,6.4997,7.14581,2.15842,0,1,0,0,0,0,0,0,0,0,0
6,0.66,0.689812,250,0,12.589,2,23,3,2.98848,0.726754,0,10.6356,1.01698,1.2138,50,1,5.44578,6.4997,7.14581,2.15842,0.472173,1,0,0,0,0,0,0,0,0,0
7,0.66,0.689812,250,0,12.589,2,24,3,2.98848,0.726754,0,10.6356,1.01698,1.2138,50,2,5.44578,6.4997,7.14581,2.15842,0.419271,1,0,0,0,0,0,0,0,0,0
8,0.66,0.689812,250,0,12.589,2,25,3,2.98848,0.726754,0,10.6356,1.01698,1.2138,50,3,5.44578,6.4997,7.14581,2.15842,0.360516,1,0,0,0,0,0,0,0,0,0
9,0.66,0.689812,250,0,12.589,2,26,3,2.98848,0.726754,0,10.6356,1.01698,1.2138,50,4,5.44578,6.4997,7.14581,2.15842,0.297107,1,0,0,0,0,0,0,0,0,0
10,0.66,0.689812,250,0,12.589,2,27,3,2.98848,0.726754,0,10.6356,1.01698,1.2138,50,5,5.44578,6.4997,7.14581,2.15842,0.230709,1,0,0,0,0,0,0,0,0,0
11,0.66,0.689812,250,0,12.589,2,28,3,2.98848,0.726754,0,10.6356,1.01698,1.2138,50,6,5.44578,6.4997,7.14581,2.15842,0.163277,1,0,0,0,0,0,0,0,0,0
12,0.66,0.689812,250,0,12.589,2,29,3,2.98848,0.726754,0,10.6356,1.01698,1.2138,50,7,5.44578,6.4997,7.14581,2.15842,0.0968498,1,0,0,0,0,0,0,0,0,0
13,0.66,0.689812,250,0,12.589,2,30,3,2.98848,0.726754,0,10.6356,1.01698,1.2138,50,8,5.44578,6.4997,7.14581,2.15842,0.033333,1,0,0,0,0,0,0,0,0,0
14,0.66,0.689812,250,0,12.589,2,30,3,2.98848,0.726754,0,10.6356,1.01698,1.2138,50,8,5.44578,6.4997,7.14581,2.15842,-0.0266868,1,0,0,0,0,0,0,0,0,0
15,0.66,0.689812,250,0,12.589,2,30,3,2.98848,0.726754,0,10.6356,1.01698,1.2138,50,9,5.44578,6.4997,7.14581,2.15842,-0.0266868,0,0,0,0,0,0,0,0,0,0
 
1,0,0,0,0,12.589,0,0,0,0,0,0,0,0,0,0,0,0,0,0,0,0,0,0,0,0,0,0,0,0,0,0
2,0,0.689812,0,0,12.589,0,0,0,0,0,0,0,0,0,0,0,0,0,0,0,0,0,0,0,0,0,0,0,0,0,0
3,0,0.689812,250,0,12.589,0,0,0,0,0,0,0,0,0,0,0,0,0,0,0,0,0,0,0,0,0,0,0,0,0,0
4,0.68,0.689812,250,0,12.589,2,20,3,3.08819,0.751001,0,10.6041,1.01803,1.22695,50,9,5.44578,6.4997,7.14581,2.15842,-0.0266868,0,0,0,0,0,0,0,0,0,0
5,0.68,0.689812,250,0,12.589,2,20,3,3.08819,0.751001,0,10.6041,1.01803,1.22695,50,0,5.3874,6.49303,7.3597,2.21473,0,1,0,0,0,0,0,0,0,0,0
6,0.68,0.689812,250,0,12.589,2,23,3,3.08819,0.751001,0,10.6041,1.01803,1.22695,50,1,5.3874,6.49303,7.3597,2.21473,0.540968,1,0,0,0,0,0,0,0,0,0
7,0.68,0.689812,250,0,12.589,2,24,3,3.08819,0.751001,0,10.6041,1.01803,1.22695,50,2,5.3874,6.49303,7.3597,2.21473,0.484517,1,0,0,0,0,0,0,0,0,0
8,0.68,0.689812,250,0,12.589,2,25,3,3.08819,0.751001,0,10.6041,1.01803,1.22695,50,3,5.3874,6.49303,7.3597,2.21473,0.419567,1,0,0,0,0,0,0,0,0,0
9,0.68,0.689812,250,0,12.589,2,26,3,3.08819,0.751001,0,10.6041,1.01803,1.22695,50,4,5.3874,6.49303,7.3597,2.21473,0.347453,1,0,0,0,0,0,0,0,0,0
10,0.68,0.689812,250,0,12.589,2,27,3,3.08819,0.751001,0,10.6041,1.01803,1.22695,50,5,5.3874,6.49303,7.3597,2.21473,0.270223,1,0,0,0,0,0,0,0,0,0
11,0.68,0.689812,250,0,12.589,2,28,3,3.08819,0.751001,0,10.6041,1.01803,1.22695,50,6,5.3874,6.49303,7.3597,2.21473,0.190414,1,0,0,0,0,0,0,0,0,0
12,0.68,0.689812,250,0,12.589,2,29,3,3.08819,0.751001,0,10.6041,1.01803,1.22695,50,7,5.3874,6.49303,7.3597,2.21473,0.110739,1,0,0,0,0,0,0,0,0,0
13,0.68,0.689812,250,0,12.589,2,30,3,3.08819,0.751001,0,10.6041,1.01803,1.22695,50,8,5.3874,6.49303,7.3597,2.21473,0.0337665,1,0,0,0,0,0,0,0,0,0
14,0.68,0.689812,250,0,12.589,2,30,3,3.08819,0.751001,0,10.6041,1.01803,1.22695,50,8,5.3874,6.49303,7.3597,2.21473,-0.0339568,1,0,0,0,0,0,0,0,0,0
15,0.68,0.689812,250,0,12.589,2,30,3,3.08819,0.751001,0,10.6041,1.01803,1.22695,50,9,5.3874,6.49303,7.3597,2.21473,-0.0339568,0,0,0,0,0,0,0,0,0,0
 
1,0,0,0,0,12.589,0,0,0,0,0,0,0,0,0,0,0,0,0,0,0,0,0,0,0,0,0,0,0,0,0,0
2,0,0.689812,0,0,12.589,0,0,0,0,0,0,0,0,0,0,0,0,0,0,0,0,0,0,0,0,0,0,0,0,0,0
3,0,0.689812,250,0,12.589,0,0,0,0,0,0,0,0,0,0,0,0,0,0,0,0,0,0,0,0,0,0,0,0,0,0
4,0.7,0.689812,250,0,12.589,2,20,3,3.19002,0.775766,0,10.5676,1.0191,1.2405,50,9,5.3874,6.49303,7.3597,2.21473,-0.0339568,0,0,0,0,0,0,0,0,0,0
5,0.7,0.689812,250,0,12.589,2,20,3,3.19002,0.775766,0,10.5676,1.0191,1.2405,50,0,5.32856,6.48617,7.57367,2.27126,0,1,0,0,0,0,0,0,0,0,0
6,0.7,0.689812,250,0,12.589,2,23,3,3.19002,0.775766,0,10.5676,1.0191,1.2405,50,1,5.32856,6.48617,7.57367,2.27126,0.639831,1,0,0,0,0,0,0,0,0,0
7,0.7,0.689812,250,0,12.589,2,24,3,3.19002,0.775766,0,10.5676,1.0191,1.2405,50,2,5.32856,6.48617,7.57367,2.27126,0.580085,1,0,0,0,0,0,0,0,0,0
8,0.7,0.689812,250,0,12.589,2,25,3,3.19002,0.775766,0,10.5676,1.0191,1.2405,50,3,5.32856,6.48617,7.57367,2.27126,0.507598,1,0,0,0,0,0,0,0,0,0
9,0.7,0.689812,250,0,12.589,2,26,3,3.19002,0.775766,0,10.5676,1.0191,1.2405,50,4,5.32856,6.48617,7.57367,2.27126,0.423748,1,0,0,0,0,0,0,0,0,0
10,0.7,0.689812,250,0,12.589,2,27,3,3.19002,0.775766,0,10.5676,1.0191,1.2405,50,5,5.32856,6.48617,7.57367,2.27126,0.331099,1,0,0,0,0,0,0,0,0,0
11,0.7,0.689812,250,0,12.589,2,28,3,3.19002,0.775766,0,10.5676,1.0191,1.2405,50,6,5.32856,6.48617,7.57367,2.27126,0.233094,1,0,0,0,0,0,0,0,0,0
12,0.7,0.689812,250,0,12.589,2,29,3,3.19002,0.775766,0,10.5676,1.0191,1.2405,50,7,5.32856,6.48617,7.57367,2.27126,0.133566,1,0,0,0,0,0,0,0,0,0
13,0.7,0.689812,250,0,12.589,2,30,3,3.19002,0.775766,0,10.5676,1.0191,1.2405,50,8,5.32856,6.48617,7.57367,2.27126,0.0361928,1,0,0,0,0,0,0,0,0,0
14,0.7,0.689812,250,0,12.589,2,30,3,3.19002,0.775766,0,10.5676,1.0191,1.2405,50,8,5.32856,6.48617,7.57367,2.27126,-0.0421146,1,0,0,0,0,0,0,0,0,0
15,0.7,0.689812,250,0,12.589,2,30,3,3.19002,0.775766,0,10.5676,1.0191,1.2405,50,9,5.32856,6.48617,7.57367,2.27126,-0.0421146,0,0,0,0,0,0,0,0,0,0
 
1,0,0,0,0,12.589,0,0,0,0,0,0,0,0,0,0,0,0,0,0,0,0,0,0,0,0,0,0,0,0,0,0
2,0,0.689812,0,0,12.589,0,0,0,0,0,0,0,0,0,0,0,0,0,0,0,0,0,0,0,0,0,0,0,0,0,0
3,0,0.689812,250,0,12.589,0,0,0,0,0,0,0,0,0,0,0,0,0,0,0,0,0,0,0,0,0,0,0,0,0,0
4,0.72,0.689812,250,0,12.589,2,20,3,3.29403,0.801058,0,10.5263,1.02021,1.25444,50,9,5.32856,6.48617,7.57367,2.27126,-0.0421146,0,0,0,0,0,0,0,0,0,0
5,0.72,0.689812,250,0,12.589,2,20,3,3.29403,0.801058,0,10.5263,1.02021,1.25444,50,0,5.26935,6.47914,7.78771,2.328,0,1,0,0,0,0,0,0,0,0,0
6,0.72,0.689812,250,0,12.589,2,23,3,3.29403,0.801058,0,10.5263,1.02021,1.25444,50,1,5.26935,6.47914,7.78771,2.328,0.792534,1,0,0,0,0,0,0,0,0,0
7,0.72,0.689812,250,0,12.589,2,24,3,3.29403,0.801058,0,10.5263,1.02021,1.25444,50,2,5.26935,6.47914,7.78771,2.328,0.731685,1,0,0,0,0,0,0,0,0,0
8,0.72,0.689812,250,0,12.589,2,25,3,3.29403,0.801058,0,10.5263,1.02021,1.25444,50,3,5.26935,6.47914,7.78771,2.328,0.650676,1,0,0,0,0,0,0,0,0,0
9,0.72,0.689812,250,0,12.589,2,26,3,3.29403,0.801058,0,10.5263,1.02021,1.25444,50,4,5.26935,6.47914,7.78771,2.328,0.550475,1,0,0,0,0,0,0,0,0,0
10,0.72,0.689812,250,0,12.589,2,27,3,3.29403,0.801058,0,10.5263,1.02021,1.25444,50,5,5.26935,6.47914,7.78771,2.328,0.434262,1,0,0,0,0,0,0,0,0,0
11,0.72,0.689812,250,0,12.589,2,28,3,3.29403,0.801058,0,10.5263,1.02021,1.25444,50,6,5.26935,6.47914,7.78771,2.328,0.30704,1,0,0,0,0,0,0,0,0,0
12,0.72,0.689812,250,0,12.589,2,29,3,3.29403,0.801058,0,10.5263,1.02021,1.25444,50,7,5.26935,6.47914,7.78771,2.328,0.174751,1,0,0,0,0,0,0,0,0,0
13,0.72,0.689812,250,0,12.589,2,30,3,3.29403,0.801058,0,10.5263,1.02021,1.25444,50,8,5.26935,6.47914,7.78771,2.328,0.0432203,1,0,0,0,0,0,0,0,0,0
14,0.72,0.689812,250,0,12.589,2,30,3,3.29403,0.801058,0,10.5263,1.02021,1.25444,50,8,5.26935,6.47914,7.78771,2.328,-0.0513012,1,0,0,0,0,0,0,0,0,0
15,0.72,0.689812,250,0,12.589,2,30,3,3.29403,0.801058,0,10.5263,1.02021,1.25444,50,9,5.26935,6.47914,7.78771,2.328,-0.0513012,0,0,0,0,0,0,0,0,0,0
 
1,0,0,0,0,12.589,0,0,0,0,0,0,0,0,0,0,0,0,0,0,0,0,0,0,0,0,0,0,0,0,0,0
2,0,0.689812,0,0,12.589,0,0,0,0,0,0,0,0,0,0,0,0,0,0,0,0,0,0,0,0,0,0,0,0,0,0
3,0,0.689812,250,0,12.589,0,0,0,0,0,0,0,0,0,0,0,0,0,0,0,0,0,0,0,0,0,0,0,0,0,0
4,0.74,0.689812,250,0,12.589,2,20,3,3.40023,0.826886,0,10.4808,1.02135,1.26877,50,9,5.26935,6.47914,7.78771,2.328,-0.0513012,0,0,0,0,0,0,0,0,0,0
5,0.74,0.689812,250,0,12.589,2,20,3,3.40023,0.826886,0,10.4808,1.02135,1.26877,50,0,5.20983,6.47191,8.00183,2.38493,0,1,0,0,0,0,0,0,0,0,0
6,0.74,0.689812,250,0,12.589,2,23,3,3.40023,0.826886,0,10.4808,1.02135,1.26877,50,1,5.20983,6.47191,8.00183,2.38493,1.05645,1,0,0,0,0,0,0,0,0,0
7,0.74,0.689812,250,0,12.589,2,24,3,3.40023,0.826886,0,10.4808,1.02135,1.26877,50,2,5.20983,6.47191,8.00183,2.38493,1.00491,1,0,0,0,0,0,0,0,0,0
8,0.74,0.689812,250,0,12.589,2,25,3,3.40023,0.826886,0,10.4808,1.02135,1.26877,50,3,5.20983,6.47191,8.00183,2.38493,0.918609,1,0,0,0,0,0,0,0,0,0
9,0.74,0.689812,250,0,12.589,2,26,3,3.40023,0.826886,0,10.4808,1.02135,1.26877,50,4,5.20983,6.47191,8.00183,2.38493,0.795831,1,0,0,0,0,0,0,0,0,0
10,0.74,0.689812,250,0,12.589,2,27,3,3.40023,0.826886,0,10.4808,1.02135,1.26877,50,5,5.20983,6.47191,8.00183,2.38493,0.639734,1,0,0,0,0,0,0,0,0,0
11,0.74,0.689812,250,0,12.589,2,28,3,3.40023,0.826886,0,10.4808,1.02135,1.26877,50,6,5.20983,6.47191,8.00183,2.38493,0.45824,1,0,0,0,0,0,0,0,0,0
12,0.74,0.689812,250,0,12.589,2,29,3,3.40023,0.826886,0,10.4808,1.02135,1.26877,50,7,5.20983,6.47191,8.00183,2.38493,0.262243,1,0,0,0,0,0,0,0,0,0
13,0.74,0.689812,250,0,12.589,2,30,3,3.40023,0.826886,0,10.4808,1.02135,1.26877,50,8,5.20983,6.47191,8.00183,2.38493,0.0628879,1,0,0,0,0,0,0,0,0,0
14,0.74,0.689812,250,0,12.589,2,30,3,3.40023,0.826886,0,10.4808,1.02135,1.26877,50,8,5.20983,6.47191,8.00183,2.38493,-0.0616802,1,0,0,0,0,0,0,0,0,0
15,0.74,0.689812,250,0,12.589,2,30,3,3.40023,0.826886,0,10.4808,1.02135,1.26877,50,9,5.20983,6.47191,8.00183,2.38493,-0.0616802,0,0,0,0,0,0,0,0,0,0
 
1,0,0,0,0,12.589,0,0,0,0,0,0,0,0,0,0,0,0,0,0,0,0,0,0,0,0,0,0,0,0,0,0
2,0,0.689812,0,0,12.589,0,0,0,0,0,0,0,0,0,0,0,0,0,0,0,0,0,0,0,0,0,0,0,0,0,0
3,0,0.689812,250,0,12.589,0,0,0,0,0,0,0,0,0,0,0,0,0,0,0,0,0,0,0,0,0,0,0,0,0,0
4,0.76,0.689812,250,0,12.589,2,20,3,3.50868,0.85326,0,10.4313,1.02252,1.2835,50,9,5.20983,6.47191,8.00183,2.38493,-0.0616802,0,0,0,0,0,0,0,0,0,0
5,0.76,0.689812,250,0,12.589,2,20,3,3.50868,0.85326,0,10.4313,1.02252,1.2835,50,0,5.15006,6.46451,8.216,2.44204,0,1,0,0,0,0,0,0,0,0,0
6,0.76,0.689812,250,0,12.589,2,23,3,3.50868,0.85326,0,10.4313,1.02252,1.2835,50,1,5.15006,6.46451,8.216,2.44204,1.61411,1,0,0,0,0,0,0,0,0,0
7,0.76,0.689812,250,0,12.589,2,24,3,3.50868,0.85326,0,10.4313,1.02252,1.2835,50,2,5.15006,6.46451,8.216,2.44204,1.63111,1,0,0,0,0,0,0,0,0,0
8,0.76,0.689812,250,0,12.589,2,25,3,3.50868,0.85326,0,10.4313,1.02252,1.2835,50,3,5.15006,6.46451,8.216,2.44204,1.58218,1,0,0,0,0,0,0,0,0,0
9,0.76,0.689812,250,0,12.589,2,26,3,3.50868,0.85326,0,10.4313,1.02252,1.2835,50,4,5.15006,6.46451,8.216,2.44204,1.44662,1,0,0,0,0,0,0,0,0,0
10,0.76,0.689812,250,0,12.589,2,27,3,3.50868,0.85326,0,10.4313,1.02252,1.2835,50,5,5.15006,6.46451,8.216,2.44204,1.21588,1,0,0,0,0,0,0,0,0,0
11,0.76,0.689812,250,0,12.589,2,28,3,3.50868,0.85326,0,10.4313,1.02252,1.2835,50,6,5.15006,6.46451,8.216,2.44204,0.900671,1,0,0,0,0,0,0,0,0,0
12,0.76,0.689812,250,0,12.589,2,29,3,3.50868,0.85326,0,10.4313,1.02252,1.2835,50,7,5.15006,6.46451,8.216,2.44204,0.528952,1,0,0,0,0,0,0,0,0,0
13,0.76,0.689812,250,0,12.589,2,30,3,3.50868,0.85326,0,10.4313,1.02252,1.2835,50,8,5.15006,6.46451,8.216,2.44204,0.134431,1,0,0,0,0,0,0,0,0,0
14,0.76,0.689812,250,0,12.589,2,30,3,3.50868,0.85326,0,10.4313,1.02252,1.2835,50,8,5.15006,6.46451,8.216,2.44204,-0.0734339,1,0,0,0,0,0,0,0,0,0
15,0.76,0.689812,250,0,12.589,2,30,3,3.50868,0.85326,0,10.4313,1.02252,1.2835,50,9,5.15006,6.46451,8.216,2.44204,-0.0734339,0,0,0,0,0,0,0,0,0,0
 
1,0,0,0,0,12.589,0,0,0,0,0,0,0,0,0,0,0,0,0,0,0,0,0,0,0,0,0,0,0,0,0,0
2,0,0.689812,0,0,12.589,0,0,0,0,0,0,0,0,0,0,0,0,0,0,0,0,0,0,0,0,0,0,0,0,0,0
3,0,0.689812,250,0,12.589,0,0,0,0,0,0,0,0,0,0,0,0,0,0,0,0,0,0,0,0,0,0,0,0,0,0
4,0.78,0.689812,250,0,12.589,2,20,3,3.61942,0.880189,0,10.3783,1.02372,1.29861,50,9,5.15006,6.46451,8.216,2.44204,-0.0734339,0,0,0,0,0,0,0,0,0,0
5,0.78,0.689812,250,0,12.589,2,20,3,3.61942,0.880189,0,10.3783,1.02372,1.29861,50,0,5.09011,6.45693,8.43024,2.49931,0,1,0,0,0,0,0,0,0,0,0
6,0.78,0.689812,250,0,12.589,2,23,3,3.61942,0.880189,0,10.3783,1.02372,1.29861,50,1,5.09011,6.45693,8.43024,2.49931,3.5222,1,0,0,0,0,0,0,0,0,0
7,0.78,0.689812,250,0,12.589,2,24,3,3.61942,0.880189,0,10.3783,1.02372,1.29861,50,2,5.09011,6.45693,8.43024,2.49931,4.42371,1,0,0,0,0,0,0,0,0,0
8,0.78,0.689812,250,0,12.589,2,25,3,3.61942,0.880189,0,10.3783,1.02372,1.29861,50,3,5.09011,6.45693,8.43024,2.49931,5.67796,1,0,0,0,0,0,0,0,0,0
9,0.78,0.689812,250,0,12.589,2,26,3,3.61942,0.880189,0,10.3783,1.02372,1.29861,50,4,5.09011,6.45693,8.43024,2.49931,7.36679,1,0,0,0,0,0,0,0,0,0
10,0.78,0.689812,250,0,12.589,2,27,3,3.61942,0.880189,0,10.3783,1.02372,1.29861,50,5,5.09011,6.45693,8.43024,2.49931,9.30493,1,0,0,0,0,0,0,0,0,0
11,0.78,0.689812,250,0,12.589,2,28,3,3.61942,0.880189,0,10.3783,1.02372,1.29861,50,6,5.09011,6.45693,8.43024,2.49931,10.3269,1,0,0,0,0,0,0,0,0,0
12,0.78,0.689812,250,0,12.589,2,29,3,3.61942,0.880189,0,10.3783,1.02372,1.29861,50,7,5.09011,6.45693,8.43024,2.49931,8.102,1,0,0,0,0,0,0,0,0,0
13,0.78,0.689812,250,0,12.589,2,30,3,3.61942,0.880189,0,10.3783,1.02372,1.29861,50,8,5.09011,6.45693,8.43024,2.49931,2.5346,1,0,0,0,0,0,0,0,0,0
14,0.78,0.689812,250,0,12.589,2,30,3,3.61942,0.880189,0,10.3783,1.02372,1.29861,50,8,5.09011,6.45693,8.43024,2.49931,-0.0867474,1,0,0,0,0,0,0,0,0,0
15,0.78,0.689812,250,0,12.589,2,30,3,3.61942,0.880189,0,10.3783,1.02372,1.29861,50,9,5.09011,6.45693,8.43024,2.49931,-0.0867474,0,0,0,0,0,0,0,0,0,0
 
1,0,0,0,0,12.589,0,0,0,0,0,0,0,0,0,0,0,0,0,0,0,0,0,0,0,0,0,0,0,0,0,0
2,0,0.689812,0,0,12.589,0,0,0,0,0,0,0,0,0,0,0,0,0,0,0,0,0,0,0,0,0,0,0,0,0,0
3,0,0.689812,250,0,12.589,0,0,0,0,0,0,0,0,0,0,0,0,0,0,0,0,0,0,0,0,0,0,0,0,0,0
4,0.8,0.689812,250,0,12.589,2,20,3,3.73248,0.907682,0,10.322,1.02495,1.31412,50,9,5.09011,6.45693,8.43024,2.49931,-0.0867474,0,0,0,0,0,0,0,0,0,0
5,0.8,0.689812,250,0,12.589,2,20,3,3.73248,0.907682,0,10.322,1.02495,1.31412,50,0,5.03003,6.44917,8.64454,2.55674,0,1,0,0,0,0,0,0,0,0,0
6,0.8,0.689812,250,0,12.589,2,23,3,3.73248,0.907682,0,10.322,1.02495,1.31412,50,1,5.03003,6.44917,8.64454,2.55674,-17.8787,1,0,0,0,0,0,0,0,0,0
7,0.8,0.689812,250,0,12.589,2,24,3,3.73248,0.907682,0,10.322,1.02495,1.31412,50,2,5.03003,6.44917,8.64454,2.55674,-6.2925,1,0,0,0,0,0,0,0,0,0
8,0.8,0.689812,250,0,12.589,2,25,3,3.73248,0.907682,0,10.322,1.02495,1.31412,50,3,5.03003,6.44917,8.64454,2.55674,-3.73174,1,0,0,0,0,0,0,0,0,0
9,0.8,0.689812,250,0,12.589,2,26,3,3.73248,0.907682,0,10.322,1.02495,1.31412,50,4,5.03003,6.44917,8.64454,2.55674,-2.55155,1,0,0,0,0,0,0,0,0,0
10,0.8,0.689812,250,0,12.589,2,27,3,3.73248,0.907682,0,10.322,1.02495,1.31412,50,5,5.03003,6.44917,8.64454,2.55674,-1.81607,1,0,0,0,0,0,0,0,0,0
11,0.8,0.689812,250,0,12.589,2,28,3,3.73248,0.907682,0,10.322,1.02495,1.31412,50,6,5.03003,6.44917,8.64454,2.55674,-1.25529,1,0,0,0,0,0,0,0,0,0
12,0.8,0.689812,250,0,12.589,2,29,3,3.73248,0.907682,0,10.322,1.02495,1.31412,50,7,5.03003,6.44917,8.64454,2.55674,-0.757105,1,0,0,0,0,0,0,0,0,0
13,0.8,0.689812,250,0,12.589,2,30,3,3.73248,0.907682,0,10.322,1.02495,1.31412,50,8,5.03003,6.44917,8.64454,2.55674,-0.266952,1,0,0,0,0,0,0,0,0,0
14,0.8,0.689812,250,0,12.589,2,31,3,3.73248,0.907682,0,10.322,1.02495,1.31412,50,9,5.03003,6.44917,8.64454,2.55674,0.234961,1,0,0,0,0,0,0,0,0,0
15,0.8,0.689812,250,0,12.589,2,32,3,3.73248,0.907682,0,10.322,1.02495,1.31412,50,10,5.03003,6.44917,8.64454,2.55674,0.734643,1,0,0,0,0,0,0,0,0,0
16,0.8,0.689812,250,0,12.589,2,33,3,3.73248,0.907682,0,10.322,1.02495,1.31412,50,11,5.03003,6.44917,8.64454,2.55674,1.18604,1,0,0,0,0,0,0,0,0,0
17,0.8,0.689812,250,0,12.589,2,34,3,3.73248,0.907682,0,10.322,1.02495,1.31412,50,12,5.03003,6.44917,8.64454,2.55674,1.53022,1,0,0,0,0,0,0,0,0,0
18,0.8,0.689812,250,0,12.589,2,35,3,3.73248,0.907682,0,10.322,1.02495,1.31412,50,13,5.03003,6.44917,8.64454,2.55674,1.72943,1,0,0,0,0,0,0,0,0,0
19,0.8,0.689812,250,0,12.589,2,36,3,3.73248,0.907682,0,10.322,1.02495,1.31412,50,14,5.03003,6.44917,8.64454,2.55674,1.78816,1,0,0,0,0,0,0,0,0,0
20,0.8,0.689812,250,0,12.589,2,37,3,3.73248,0.907682,0,10.322,1.02495,1.31412,50,15,5.03003,6.44917,8.64454,2.55674,1.74345,1,0,0,0,0,0,0,0,0,0
21,0.8,0.689812,250,0,12.589,2,38,3,3.73248,0.907682,0,10.322,1.02495,1.31412,50,16,5.03003,6.44917,8.64454,2.55674,1.64022,1,0,0,0,0,0,0,0,0,0
22,0.8,0.689812,250,0,12.589,2,39,3,3.73248,0.907682,0,10.322,1.02495,1.31412,50,17,5.03003,6.44917,8.64454,2.55674,1.51435,1,0,0,0,0,0,0,0,0,0
23,0.8,0.689812,250,0,12.589,2,40,3,3.73248,0.907682,0,10.322,1.02495,1.31412,50,18,5.03003,6.44917,8.64454,2.55674,1.38852,1,0,0,0,0,0,0,0,0,0
24,0.8,0.689812,250,0,12.589,2,23,3,3.73248,0.907682,0,10.322,1.02495,1.31412,50,18,5.03003,6.44917,8.64454,2.55674,0.274858,1,0,0,0,0,0,0,0,0,0
25,0.8,0.689812,250,0,12.589,2,23,3,3.73248,0.907682,0,10.322,1.02495,1.31412,50,19,5.03003,6.44917,8.64454,2.55674,0.274858,0,0,0,0,0,0,0,0,0,0
 
1,0,0,0,0,12.589,0,0,0,0,0,0,0,0,0,0,0,0,0,0,0,0,0,0,0,0,0,0,0,0,0,0
2,0,0.689812,0,0,12.589,0,0,0,0,0,0,0,0,0,0,0,0,0,0,0,0,0,0,0,0,0,0,0,0,0,0
3,0,0.689812,250,0,12.589,0,0,0,0,0,0,0,0,0,0,0,0,0,0,0,0,0,0,0,0,0,0,0,0,0,0
4,0.82,0.689812,250,0,12.589,2,20,3,3.8479,0.935751,0,10.2627,1.02622,1.33003,50,19,5.03003,6.44917,8.64454,2.55674,0.274858,0,0,0,0,0,0,0,0,0,0
5,0.82,0.689812,250,0,12.589,2,20,3,3.8479,0.935751,0,10.2627,1.02622,1.33003,50,0,4.96989,6.44123,8.85889,2.61431,0,1,0,0,0,0,0,0,0,0,0
6,0.82,0.689812,250,0,12.589,2,23,3,3.8479,0.935751,0,10.2627,1.02622,1.33003,50,1,4.96989,6.44123,8.85889,2.61431,-2.53571,1,0,0,0,0,0,0,0,0,0
7,0.82,0.689812,250,0,12.589,2,24,3,3.8479,0.935751,0,10.2627,1.02622,1.33003,50,2,4.96989,6.44123,8.85889,2.61431,-1.87564,1,0,0,0,0,0,0,0,0,0
8,0.82,0.689812,250,0,12.589,2,25,3,3.8479,0.935751,0,10.2627,1.02622,1.33003,50,3,4.96989,6.44123,8.85889,2.61431,-1.45558,1,0,0,0,0,0,0,0,0,0
9,0.82,0.689812,250,0,12.589,2,26,3,3.8479,0.935751,0,10.2627,1.02622,1.33003,50,4,4.96989,6.44123,8.85889,2.61431,-1.14763,1,0,0,0,0,0,0,0,0,0
10,0.82,0.689812,250,0,12.589,2,27,3,3.8479,0.935751,0,10.2627,1.02622,1.33003,50,5,4.96989,6.44123,8.85889,2.61431,-0.893518,1,0,0,0,0,0,0,0,0,0
11,0.82,0.689812,250,0,12.589,2,28,3,3.8479,0.935751,0,10.2627,1.02622,1.33003,50,6,4.96989,6.44123,8.85889,2.61431,-0.661041,1,0,0,0,0,0,0,0,0,0
12,0.82,0.689812,250,0,12.589,2,29,3,3.8479,0.935751,0,10.2627,1.02622,1.33003,50,7,4.96989,6.44123,8.85889,2.61431,-0.430055,1,0,0,0,0,0,0,0,0,0
13,0.82,0.689812,250,0,12.589,2,30,3,3.8479,0.935751,0,10.2627,1.02622,1.33003,50,8,4.96989,6.44123,8.85889,2.61431,-0.18832,1,0,0,0,0,0,0,0,0,0
14,0.82,0.689812,250,0,12.589,2,31,3,3.8479,0.935751,0,10.2627,1.02622,1.33003,50,9,4.96989,6.44123,8.85889,2.61431,0.0681197,1,0,0,0,0,0,0,0,0,0
15,0.82,0.689812,250,0,12.589,2,32,3,3.8479,0.935751,0,10.2627,1.02622,1.33003,50,10,4.96989,6.44123,8.85889,2.61431,0.332588,1,0,0,0,0,0,0,0,0,0
16,0.82,0.689812,250,0,12.589,2,33,3,3.8479,0.935751,0,10.2627,1.02622,1.33003,50,11,4.96989,6.44123,8.85889,2.61431,0.586846,1,0,0,0,0,0,0,0,0,0
17,0.82,0.689812,250,0,12.589,2,34,3,3.8479,0.935751,0,10.2627,1.02622,1.33003,50,12,4.96989,6.44123,8.85889,2.61431,0.805648,1,0,0,0,0,0,0,0,0,0
18,0.82,0.689812,250,0,12.589,2,35,3,3.8479,0.935751,0,10.2627,1.02622,1.33003,50,13,4.96989,6.44123,8.85889,2.61431,0.967262,1,0,0,0,0,0,0,0,0,0
19,0.82,0.689812,250,0,12.589,2,36,3,3.8479,0.935751,0,10.2627,1.02622,1.33003,50,14,4.96989,6.44123,8.85889,2.61431,1.06354,1,0,0,0,0,0,0,0,0,0
20,0.82,0.689812,250,0,12.589,2,20,3,3.8479,0.935751,0,10.2627,1.02622,1.33003,50,14,4.96989,6.44123,8.85889,2.61431,0.383656,1,0,0,0,0,0,0,0,0,0
21,0.82,0.689812,250,0,12.589,2,20,3,3.8479,0.935751,0,10.2627,1.02622,1.33003,50,15,4.96989,6.44123,8.85889,2.61431,0.383656,0,0,0,0,0,0,0,0,0,0
 
1,0,0,0,0,12.589,0,0,0,0,0,0,0,0,0,0,0,0,0,0,0,0,0,0,0,0,0,0,0,0,0,0
2,0,0.689812,0,0,12.589,0,0,0,0,0,0,0,0,0,0,0,0,0,0,0,0,0,0,0,0,0,0,0,0,0,0
3,0,0.689812,250,0,12.589,0,0,0,0,0,0,0,0,0,0,0,0,0,0,0,0,0,0,0,0,0,0,0,0,0,0
4,0.84,0.689812,250,0,12.589,2,20,3,3.96572,0.964404,0,10.2006,1.02751,1.34632,50,15,4.96989,6.44123,8.85889,2.61431,0.383656,0,0,0,0,0,0,0,0,0,0
5,0.84,0.689812,250,0,12.589,2,20,3,3.96572,0.964404,0,10.2006,1.02751,1.34632,50,0,4.90974,6.43311,9.07329,2.67202,0,1,0,0,0,0,0,0,0,0,0
6,0.84,0.689812,250,0,12.589,2,23,3,3.96572,0.964404,0,10.2006,1.02751,1.34632,50,1,4.90974,6.43311,9.07329,2.67202,-1.3804,1,0,0,0,0,0,0,0,0,0
7,0.84,0.689812,250,0,12.589,2,24,3,3.96572,0.964404,0,10.2006,1.02751,1.34632,50,2,4.90974,6.43311,9.07329,2.67202,-1.12815,1,0,0,0,0,0,0,0,0,0
8,0.84,0.689812,250,0,12.589,2,18,3,3.96572,0.964404,0,10.2006,1.02751,1.34632,50,2,4.90974,6.43311,9.07329,2.67202,0.44178,1,0,0,0,0,0,0,0,0,0
9,0.84,0.689812,250,0,12.589,2,18,3,3.96572,0.964404,0,10.2006,1.02751,1.34632,50,3,4.90974,6.43311,9.07329,2.67202,0.44178,0,0,0,0,0,0,0,0,0,0
 
1,0,0,0,0,12.589,0,0,0,0,0,0,0,0,0,0,0,0,0,0,0,0,0,0,0,0,0,0,0,0,0,0
2,0,0.689812,0,0,12.589,0,0,0,0,0,0,0,0,0,0,0,0,0,0,0,0,0,0,0,0,0,0,0,0,0,0
3,0,0.689812,250,0,12.589,0,0,0,0,0,0,0,0,0,0,0,0,0,0,0,0,0,0,0,0,0,0,0,0,0,0
4,0.86,0.689812,250,0,12.589,2,20,3,4.08599,0.993653,0,10.1361,1.02884,1.36301,50,3,4.90974,6.43311,9.07329,2.67202,0.44178,0,0,0,0,0,0,0,0,0,0
5,0.86,0.689812,250,0,12.589,2,20,3,4.08599,0.993653,0,10.1361,1.02884,1.36301,50,0,4.84963,6.42482,9.28773,2.72985,0,1,0,0,0,0,0,0,0,0,0
6,0.86,0.689812,250,0,12.589,2,17,3,4.08599,0.993653,0,10.1361,1.02884,1.36301,50,0,4.84963,6.42482,9.28773,2.72985,0.473354,1,0,0,0,0,0,0,0,0,0
7,0.86,0.689812,250,0,12.589,2,17,3,4.08599,0.993653,0,10.1361,1.02884,1.36301,50,1,4.84963,6.42482,9.28773,2.72985,0.473354,0,0,0,0,0,0,0,0,0,0
 
1,0,0,0,0,12.589,0,0,0,0,0,0,0,0,0,0,0,0,0,0,0,0,0,0,0,0,0,0,0,0,0,0
2,0,0.689812,0,0,12.589,0,0,0,0,0,0,0,0,0,0,0,0,0,0,0,0,0,0,0,0,0,0,0,0,0,0
3,0,0.689812,250,0,12.589,0,0,0,0,0,0,0,0,0,0,0,0,0,0,0,0,0,0,0,0,0,0,0,0,0,0
4,0.88,0.689812,250,0,12.589,2,20,3,4.20875,1.02351,0,10.0693,1.03019,1.38009,50,1,4.84963,6.42482,9.28773,2.72985,0.473354,0,0,0,0,0,0,0,0,0,0
5,0.88,0.689812,250,0,12.589,2,20,3,4.20875,1.02351,0,10.0693,1.03019,1.38009,50,0,4.78961,6.41636,9.50222,2.78781,0,1,0,0,0,0,0,0,0,0,0
6,0.88,0.689812,250,0,12.589,2,16,3,4.20875,1.02351,0,10.0693,1.03019,1.38009,50,0,4.78961,6.41636,9.50222,2.78781,0.502686,1,0,0,0,0,0,0,0,0,0
7,0.88,0.689812,250,0,12.589,2,16,3,4.20875,1.02351,0,10.0693,1.03019,1.38009,50,1,4.78961,6.41636,9.50222,2.78781,0.502686,0,0,0,0,0,0,0,0,0,0
 
1,0,0,0,0,12.589,0,0,0,0,0,0,0,0,0,0,0,0,0,0,0,0,0,0,0,0,0,0,0,0,0,0
2,0,0.689812,0,0,12.589,0,0,0,0,0,0,0,0,0,0,0,0,0,0,0,0,0,0,0,0,0,0,0,0,0,0
3,0,0.689812,250,0,12.589,0,0,0,0,0,0,0,0,0,0,0,0,0,0,0,0,0,0,0,0,0,0,0,0,0,0
4,0.9,0.689812,250,0,12.589,2,20,3,4.33404,1.05397,0,10.0005,1.03158,1.39756,50,1,4.78961,6.41636,9.50222,2.78781,0.502686,0,0,0,0,0,0,0,0,0,0
5,0.9,0.689812,250,0,12.589,2,20,3,4.33404,1.05397,0,10.0005,1.03158,1.39756,50,0,4.72973,6.40773,9.71675,2.84587,0,1,0,0,0,0,0,0,0,0,0
6,0.9,0.689812,250,0,12.589,2,14,3,4.33404,1.05397,0,10.0005,1.03158,1.39756,50,0,4.72973,6.40773,9.71675,2.84587,0.552208,1,0,0,0,0,0,0,0,0,0
7,0.9,0.689812,250,0,12.589,2,14,3,4.33404,1.05397,0,10.0005,1.03158,1.39756,50,1,4.72973,6.40773,9.71675,2.84587,0.552208,0,0,0,0,0,0,0,0,0,0
 
1,0,0,0,0,12.589,0,0,0,0,0,0,0,0,0,0,0,0,0,0,0,0,0,0,0,0,0,0,0,0,0,0
2,0,0.689812,0,0,12.589,0,0,0,0,0,0,0,0,0,0,0,0,0,0,0,0,0,0,0,0,0,0,0,0,0,0
3,0,0.689812,250,0,12.589,0,0,0,0,0,0,0,0,0,0,0,0,0,0,0,0,0,0,0,0,0,0,0,0,0,0
4,0.92,0.689812,250,0,12.589,2,20,3,4.46191,1.08507,0,9.92973,1.033,1.41543,50,1,4.72973,6.40773,9.71675,2.84587,0.552208,0,0,0,0,0,0,0,0,0,0
5,0.92,0.689812,250,0,12.589,2,20,3,4.46191,1.08507,0,9.92973,1.033,1.41543,50,0,4.67003,6.39893,9.93131,2.90404,0,1,0,0,0,0,0,0,0,0,0
6,0.92,0.689812,250,0,12.589,2,14,3,4.46191,1.08507,0,9.92973,1.033,1.41543,50,0,4.67003,6.39893,9.93131,2.90404,0.559668,1,0,0,0,0,0,0,0,0,0
7,0.92,0.689812,250,0,12.589,2,14,3,4.46191,1.08507,0,9.92973,1.033,1.41543,50,1,4.67003,6.39893,9.93131,2.90404,0.559668,0,0,0,0,0,0,0,0,0,0
 
1,0,0,0,0,12.589,0,0,0,0,0,0,0,0,0,0,0,0,0,0,0,0,0,0,0,0,0,0,0,0,0,0
2,0,0.689812,0,0,12.589,0,0,0,0,0,0,0,0,0,0,0,0,0,0,0,0,0,0,0,0,0,0,0,0,0,0
3,0,0.689812,250,0,12.589,0,0,0,0,0,0,0,0,0,0,0,0,0,0,0,0,0,0,0,0,0,0,0,0,0,0
4,0.94,0.689812,250,0,12.589,2,20,3,4.59239,1.1168,0,9.85733,1.03445,1.43369,50,1,4.67003,6.39893,9.93131,2.90404,0.559668,0,0,0,0,0,0,0,0,0,0
5,0.94,0.689812,250,0,12.589,2,20,3,4.59239,1.1168,0,9.85733,1.03445,1.43369,50,0,4.61055,6.38996,10.1459,2.96231,0,1,0,0,0,0,0,0,0,0,0
6,0.94,0.689812,250,0,12.589,2,13,3,4.59239,1.1168,0,9.85733,1.03445,1.43369,50,0,4.61055,6.38996,10.1459,2.96231,0.59012,1,0,0,0,0,0,0,0,0,0
7,0.94,0.689812,250,0,12.589,2,13,3,4.59239,1.1168,0,9.85733,1.03445,1.43369,50,1,4.61055,6.38996,10.1459,2.96231,0.59012,0,0,0,0,0,0,0,0,0,0
 
1,0,0,0,0,12.589,0,0,0,0,0,0,0,0,0,0,0,0,0,0,0,0,0,0,0,0,0,0,0,0,0,0
2,0,0.689812,0,0,12.589,0,0,0,0,0,0,0,0,0,0,0,0,0,0,0,0,0,0,0,0,0,0,0,0,0,0
3,0,0.689812,250,0,12.589,0,0,0,0,0,0,0,0,0,0,0,0,0,0,0,0,0,0,0,0,0,0,0,0,0,0
4,0.96,0.689812,250,0,12.589,2,20,3,4.72554,1.14918,0,9.78341,1.03593,1.45234,50,1,4.61055,6.38996,10.1459,2.96231,0.59012,0,0,0,0,0,0,0,0,0,0
5,0.96,0.689812,250,0,12.589,2,20,3,4.72554,1.14918,0,9.78341,1.03593,1.45234,50,0,4.55134,6.38082,10.3606,3.02068,0,1,0,0,0,0,0,0,0,0,0
6,0.96,0.689812,250,0,12.589,2,12,3,4.72554,1.14918,0,9.78341,1.03593,1.45234,50,0,4.55134,6.38082,10.3606,3.02068,0.623724,1,0,0,0,0,0,0,0,0,0
7,0.96,0.689812,250,0,12.589,2,12,3,4.72554,1.14918,0,9.78341,1.03593,1.45234,50,1,4.55134,6.38082,10.3606,3.02068,0.623724,0,0,0,0,0,0,0,0,0,0
 
1,0,0,0,0,12.589,0,0,0,0,0,0,0,0,0,0,0,0,0,0,0,0,0,0,0,0,0,0,0,0,0,0
2,0,0.689812,0,0,12.589,0,0,0,0,0,0,0,0,0,0,0,0,0,0,0,0,0,0,0,0,0,0,0,0,0,0
3,0,0.689812,250,0,12.589,0,0,0,0,0,0,0,0,0,0,0,0,0,0,0,0,0,0,0,0,0,0,0,0,0,0
4,0.98,0.689812,250,0,12.589,2,20,3,4.86139,1.18222,0,9.70813,1.03744,1.47138,50,1,4.55134,6.38082,10.3606,3.02068,0.623724,0,0,0,0,0,0,0,0,0,0
5,0.98,0.689812,250,0,12.589,2,20,3,4.86139,1.18222,0,9.70813,1.03744,1.47138,50,0,4.49244,6.37151,10.5752,3.07913,0,1,0,0,0,0,0,0,0,0,0
6,0.98,0.689812,250,0,12.589,2,12,3,4.86139,1.18222,0,9.70813,1.03744,1.47138,50,0,4.49244,6.37151,10.5752,3.07913,0.628846,1,0,0,0,0,0,0,0,0,0
7,0.98,0.689812,250,0,12.589,2,12,3,4.86139,1.18222,0,9.70813,1.03744,1.47138,50,1,4.49244,6.37151,10.5752,3.07913,0.628846,0,0,0,0,0,0,0,0,0,0
 
1,0,0,0,0,12.589,0,0,0,0,0,0,0,0,0,0,0,0,0,0,0,0,0,0,0,0,0,0,0,0,0,0
2,0,0.689812,0,0,12.589,0,0,0,0,0,0,0,0,0,0,0,0,0,0,0,0,0,0,0,0,0,0,0,0,0,0
3,0,0.689812,250,0,12.589,0,0,0,0,0,0,0,0,0,0,0,0,0,0,0,0,0,0,0,0,0,0,0,0,0,0
4,1,0.689812,250,0,12.589,2,20,3,5,1.21593,0,9.63164,1.03899,1.49082,50,1,4.49244,6.37151,10.5752,3.07913,0.628846,0,0,0,0,0,0,0,0,0,0
5,1,0.689812,250,0,12.589,2,20,3,5,1.21593,0,9.63164,1.03899,1.49082,50,0,4.43387,6.36204,10.7899,3.13766,0,1,0,0,0,0,0,0,0,0,0
6,1,0.689812,250,0,12.589,2,11,3,5,1.21593,0,9.63164,1.03899,1.49082,50,0,4.43387,6.36204,10.7899,3.13766,0.665506,1,0,0,0,0,0,0,0,0,0
7,1,0.689812,250,0,12.589,2,11,3,5,1.21593,0,9.63164,1.03899,1.49082,50,1,4.43387,6.36204,10.7899,3.13766,0.665506,0,0,0,0,0,0,0,0,0,0
 
1,0,0,0,0,12.589,0,0,0,0,0,0,0,0,0,0,0,0,0,0,0,0,0,0,0,0,0,0,0,0,0,0
